제품명,규격,단가
10621,(기본),350
10621,코너보호대PVC,350
스마트D,(기본),55000
스마트D,W900*D600*H740,73000
스마트D,옵션 변경,6000
스마트D,W800*H1200/18T,49000
스마트D,모번/1000*600*740,79000
스마트D,추가단가/1000*650*860,25000
스마트D,백색/800*1200H/18T,49000
스마트D,1000*600*740,79000
스마트D,800*1200/18T,49000
스마트D,T자등 / 아이클PHX004,69000
스마트D,2구실버 / 기구+타공,13000
스마트D,백색으로 변경시,6000
스마트D,W1000*D600*H740,77000
스마트D,W800*H1200 / 18T,50000
스마트D,W800*D600*H740,85000
스마트D,1000*650*860740,109000
스마트D,1000*1200 / 18T,49000
스마트D,1000*1200/18T,49000
스마트D,1000*650*860,118000
스마트D,기본형실버 + 타공,13000
스마트D,아이클 PHX-004大,69000
스마트D,W700*D500*H740,75000
스마트D,700*1200/18T,48000
스마트D,ICLE/PHX-007D,63000
스마트D,기구 + 타공,10000
스마트D,900*650*860740,103000
스마트D,T스탠드 / PHX-004大,69000
스마트D,T스탠드/아이클PHX-004,69000
스마트D,W800×D600×H740,75000
스마트D,조명없음/W800*1000H/18T,55000
스마트D,W800*H1200 /18T,50000
스마트D,T자 스탠드/LED,69000
스마트D,800*1200 / 18T,49000
스마트D,T자등 / 아이클 PHX004,69000
스마트D,추가단가/ 1000*650*860,25000
스마트D,W900*H1200/18T,55500
스마트D,스탠드/아이클PHX-004,69000
스마트D,W800*D600*H720,73000
스마트D,W900*H1200 / 18T,55000
스마트조명 T형스탠드,(기본),63000
스마트조명 T형스탠드,아이클 PHX-007D小,63000
스마트 콘센트,(기본),13000
스마트 콘센트,2구 기본형 + 타공,13000
커뮤니티C6인용+갓등,(기본),385000
커뮤니티C6인용+갓등,W2000*D1200*H1340,385000
커뮤니티C6인용+갓등,2400*1200*740,465000
커뮤니티 다릿발백색,(기본),6000
커뮤니티 다릿발백색,옵션 변경,6000
커뮤니티 콘센트,(기본),14000
커뮤니티 콘센트,2구 기본형 + 타공,13000
커뮤니티 콘센트,2구 기본형+타공,15000
강의실 테이블3인용,(기본),120000
강의실 테이블3인용,W1800*D500*H740,120000
가림판 추가3인용,(기본),55000
가림판 추가3인용,추가 옵션,55000
강의실 테이블1인용,(기본),63000
강의실 테이블1인용,W700*D500*H740,63000
가림판 추가1인용,(기본),28000
가림판 추가1인용,추가 옵션,28000
다릿발백색,(기본),6000
다릿발백색,옵션 변경,6000
스마트조명T형스탠드,(기본),69000
스마트조명T형스탠드,아이클 PHX-004大,69000
스마트조명T형스탠드,아이클 / PHX-004大,69000
2인치 필반 다리,(기본),27000
2인치 필반 다리,이미지 참조/백색,27000
아이블 화이트,(기본),150000
아이블 화이트,IBLE,150000
아이블 화이트,W615 X D600 X H915,150000
T50 HF,(기본),220000
T50 HF,W730 X D580 X H1075~1140,220000
T50 캐쥬얼,(기본),168000
T50 캐쥬얼,W715 X D595 X H895~965,168000
와이드기본형B,(기본),66500
와이드기본형B,650*450*740,66500
와이드기본형B,650*450*740 책상높이 지정 변경,66500
추가옵션,(기본),15000
추가옵션,와이드기본형B 적용,15000
와이드기본형A,(기본),66500
와이드기본형A,500*400*740,66500
올데이H,(기본),595000
올데이H,책상/1200*580*740,595000
조명,(기본),59000
조명,아이클 PHX-004,59000
조명,아이클 / PHX004,69000
조명,아이클 / 351F,59000
조명,아이클/351F,59000
조명,아이클 351F,59000
조명,아이클 PHX-004大,69000
조명,아이클 / PHX-007D小,63000
조명,ICLE / 351F,59000
조명,ICLE / PHX004,69000
조명,T형 / PHX-004대,69000
조명,아이클 351F / 독서등,13000
조명,T 스텐드,66000
2구 콘센트,(기본),13000
2구 콘센트,기본형실버 + 타공비,13000
2구 콘센트,타공+기구,8000
2구 콘센트,기본형타공비 포함,10000
2구 콘센트,실버 + 타공,13000
2구 콘센트,기본실버 + 타공,13000
2구 콘센트,필요시 추가,10000
2구 콘센트,기구 + 타공,10000
2구 콘센트,기본형실버 + 타공비 <모번23T + 백색/ 콤비>/조명 불가제품,13000
2구 콘센트,기본형실버+타공비,13000
2구 콘센트,기본형+타공,10000
2구 콘센트,타공 + 콘센트,8000
2구 콘센트,기구 + 타공상판,10000
2구 콘센트,기본형실버+타공,13000
2구 콘센트,기본형 2구실버+타공 <연그레이 상판+백색칸막이 기본형색상+백색다리>,13000
2구 콘센트,기본형 2구실버+타공,13000
2구 콘센트,1036*800*1800,13000
2구 콘센트,타공 + 기구매입,8000
2구 콘센트,기구기본형실버 + 타공,13000
2구 콘센트,기본형 2구 + 타공,13000
2구 콘센트,기구기본형/실버+타공,10000
2구 콘센트,기구기본형 + 타공,13000
2구 콘센트,기본형 + 타공,8000
2구 콘센트,기본형 실버 + 타공,13000
2구 콘센트,타공 + 기구,8000
2구 콘센트,기본형 실버 + 타공비,13000
의자,(기본),38500
의자,루시틸팅A팔걸이유 WHITE,119000
의자,시디즈 / 에가TN601FE,172000
의자,,86350
의자,스마일화이트,38500
의자,W450*D445*H800,29000
의자,595*555*830,121000
의자,올패드 화이트,121000
의자,시디즈/아이블WH,168000
의자,체스넛체어견적서 색상,29300
의자,매틱스타킹팔유패드,119000
의자,에디슨,93000
의자,비올렛/블랙,33000
의자,비올렛/팔걸이有,30900
의자,아이블모델,163000
의자,멀티하이팩,36500
의자,4칼라의자,27500
프라이버시B선반형,(기본),314000
프라이버시B선반형,1036*800600*1800,310000
프라이버시B선반형,1036*800600*1800740,328000
프라이버시B선반형,1000*800600*1800,314000
프라이버시B선반형,940*800600*1800,314000
프라이버시B선반형,1000*800600*1800740,314000
프라이버시C상부플립장,(기본),385000
프라이버시C상부플립장,1036*800600*1800,385000
프라이버시,(기본),59000
프라이버시,아이클 351F,59000
프라이버시,아이클/351F,59000
프라이버시,W1000*D600*H740,468000
프라이버시,아이클 / 351F,59000
프라이버시,기본형실버 + 타공비,13000
프라이버시,W-36*600*740,59000
프라이버시,독서등/아이클351F,59000
프라이버시,아이클351F,59000
프라이버시,책상사이즈: 1014*600*720,298000
올데이BA벽면형 세트,(기본),310000
올데이BA벽면형 세트,1200*750600*1200740,310000
올데이BB중앙형,(기본),205000
올데이BB중앙형,1200*750600*1200740,205000
올데이BB,(기본),105000
올데이BB,600*270*1200,98000
올데이BB,700*270*1200,105000
올데이BB,도면사이즈참고,498000
2구 콘센트 기본형,(기본),13000
2구 콘센트 기본형,기구 + 타공,13000
2구 콘센트 기본형,실버 기본형 + 타공비,13000
2구 콘센트 기본형,기구 + 타공비,13000
2구 콘센트 기본형,기구실버 + 타공비,13000
갓조명,(기본),150000
갓조명,TJD7100D,150000
원장님 테이블,(기본),159000
원장님 테이블,1200*700*740,125000
원장님 테이블,1500*800*740,159000
상담 테이블,(기본),131500
상담 테이블,1500*700*740,148000
상담 테이블,1400*800*740,115000
상판 홀타공,(기본),6000
상판 홀타공,3개소,6000
콘센트2구,(기본),8000
콘센트2구,필요시 추가/기본형실버,13000
콘센트2구,타공 + 콘센트기구,8000
콘센트2구,추가단가,13000
3단 오픈장,(기본),105000
3단 오픈장,800*300*1200,105000
2단 오픈장,(기본),85000
2단 오픈장,700*300*740,85000
업무용 의자,(기본),118000
업무용 의자,루시회전A/올패드/화이트,118000
카운터 의자,(기본),105000
카운터 의자,매틱스타킹 팔무패드,105000
프라이버시 C 상부 플립장 + 다이얼키,(기본),385000
프라이버시 C 상부 플립장 + 다이얼키,900*800600*1800740,385000
프라이버시B,(기본),306500
프라이버시B,독서등/아이클351F,59000
프라이버시B,전체 / 1000*800*1800,315000
프라이버시B,1136*900600*1800740,338000
프라이버시B,도면치수*9006001800740,383000
프라이버시B,1136*800600*1800740,298000
2구 콘센트상판타공 <백색칸막이 + 모번 상판 + 백색 다릿발>,(기본),13000
2구 콘센트상판타공 <백색칸막이 + 모번 상판 + 백색 다릿발>,기본형 2구실버+타공,13000
스마트B 4인용세트,(기본),650000
스마트B 4인용세트,1인/2054*1600600*1200,650000
스마트B 4인용세트,2054*1600600*1200,650000
스마트B,(기본),59000
스마트B,독서등/아이클351F,59000
스마트B,스탠드/아이클PHX-004,69000
스마트B,W736*D600*H1200,158000
스마트B,₩2890*D600*H1200,540000
스마트B,1018*800600*1200740,187000
스마트B,독서등/ 아이클351F,59000
스마트B,2구실버 / 기구+타공,13000
스마트B,백색으로 변경시,6000
스마트B,1000*6001400,238000
스마트B,독서등 / 아이클351F,59000
스마트B,재고사용/필요시 추가,59000
스마트B,재고사용 / 필요시 추가,59000
스마트B,독서등 / 아이클 351F,59000
스마트B,D아이를 351F,80000
스마트B,958*1000*1600,373000
스마트B,818*800600*1200740,185000
스마트B,아이클 351F,59000
스마트B,818*900 600*1200740,187000
스마트B,1036*800600*1200740,205000
스마트B,전체 / 1018*1000*1800,218000
2구 콘센트방향선택 기본형 테이블 : 콘센트 상판타공,(기본),13000
2구 콘센트방향선택 기본형 테이블 : 콘센트 상판타공,기본형 2구실버+타공,13000
프라이버시C 상부 플립장 + 다이얼키,(기본),385000
프라이버시C 상부 플립장 + 다이얼키,900*800600*1800740,385000
프라이버시C,(기본),66000
프라이버시C,독서등/아이클351F,59000
프라이버시C,900*800600*1800740,298000
프라이버시C,독서등 / 아이클351F,59000
프라이버시C,2구실버 / 기구+타공,13000
프라이버시C,수동형 다이얼키 / 실버,15000
프라이버시C,백색으로 변경시,6000
프라이버시C,W1100*D800*H1800,289000
프라이버시C,W1064+D300*H580,129000
프라이버시C,W1000*D800*H1800,289000
프라이버시C,W964*D300*H580,129000
프라이버시C,1000*800600*1800740,385000
프라이버시C,W1000*D600*H740,468000
프라이버시C,옵션상부장변경,73000
프라이버시C,독서등/ 아이클351F,59000
프라이버시C,W1018:D800×H1800,465000
2구 콘센트상판타공,(기본),13000
2구 콘센트상판타공,기본형 2구실버+타공,13000
2구 콘센트상판타공,기구 + 타공,10000
2구 콘센트방향선택,(기본),13000
2구 콘센트방향선택,기본형 2구실버+타공,13000
프라이버시 C,(기본),222000
프라이버시 C,900+8006001800740,385000
프라이버시 C,독서등/아이클 351F,59000
콘센트2구기본,(기본),10000
콘센트2구기본,상판타공+기구,10000
이자혀 도니드,(기본),59000
이자혀 도니드,새드/ LCD / RF1C,59000
일자형 독서등,(기본),59000
일자형 독서등,3색 등 / LED / 351F,59000
일자형 독서등,LED/조명,59000
붙박이소파 완제,2800,1200000
붙박이소파 완제,(기본),1200000
아이블 서울대의자,(기본),155000
아이블 서울대의자,W615 X D600 X H915,155000
어셈블올데이B2인양면,(기본),660000
어셈블올데이B2인양면,W2536*D1500*H1200,693000
어셈블올데이B2인양면,W2306*D1400*H1200,660000
어셈블올데이B1인단면,(기본),495000
어셈블올데이B1인단면,W1338*D1400*H1200,495000
어셈블올데이B1인단면,W1288*D1400*H1200,495000
심플A좌형,(기본),157000
심플A좌형,W880/1030*D600*H1200,157000
심플A좌형,W860*D600*H1200,157000
심플B좌형,(기본),125000
심플B좌형,W1030*D600*H1200,125000
심플B좌형,W860*D600*H1200,125000
T'형 가림판 전면,(기본),96000
T'형 가림판 전면,W1740*H1200/18T,96000
T'형 가림판 중간,(기본),89000
T'형 가림판 중간,W1400*H1200/18T,89000
T'형 가림판 보강,(기본),20000
T'형 가림판 보강,W100*H1200/18T,20000
조명독서등,(기본),59000
조명독서등,LED/351F,53000
조명독서등,아이클 351F,59000
조명독서등,아이클/351F,59000
NEGO.,(기본),113500
NEGO.,,113500
어셈블A2인세트,(기본),450000
어셈블A2인세트,W1770*D1400*H1200,450000
Reading Desk 백색칸막이+백색상판+백색다리 프라이버시B 기본선반형,(기본),318000
Reading Desk 백색칸막이+백색상판+백색다리 프라이버시B 기본선반형,10361000*800600*18001050,318000
2구 콘센트기본형,(기본),13000
2구 콘센트기본형,기구실버 + 타공,13000
2구 콘센트기본형,기구 + 타공,12500
2구 콘센트기본형,기구실버 + 타공비,13000
2구 콘센트기본형,타공 + 기구,10000
Standing Desk 백색상판+백색다리40각+갓등 스탠딩 테이블,(기본),294000
Standing Desk 백색상판+백색다리40각+갓등 스탠딩 테이블,2000*1200*1050,294000
갓등,800,357000
갓등,(기본),198000
갓등,2000*100*600,207750
갓등,1000*100*600,132300
스탠딩 테이블,(기본),168000
스탠딩 테이블,1000*1200*1050,176400
스탠딩 테이블,2000*1200*1050,308750
스탠딩 테이블,600*400*1000,72000
스탠딩 테이블,W1200*D400*H1000,135000
스탠딩 테이블,W1400*D400*H,187500
Window Desk 백색상판+백색다리40각 스탠딩,(기본),297050
Window Desk 백색상판+백색다리40각 스탠딩,2인/1600*650600*11201000,274000
Window Desk 백색상판+백색다리40각 스탠딩,2인/1700*650600*11201000,320100
스탠딩,(기본),313500
스탠딩,2인/1700*650600*11201000,302250
스탠딩,2인/2200*650600*11201000,347400
스탠딩,2인/1600*650600*11201000,284750
스탠딩,600*550*1000,69000
기타품목기본색상 옷장 기본형,(기본),258500
기타품목기본색상 옷장 기본형,800*620*1900,258500
락커 다이얼키 포함,(기본),59000
락커 다이얼키 포함,1칸 / 400*400*400,59000
Reading Desk 백색칸막이+백색상판+백색다리,(기본),318000
Reading Desk 백색칸막이+백색상판+백색다리,프라이버시B 기본선반형 10361000*800600*18001050,318000
젠다이형 테이블,(기본),291000
젠다이형 테이블,2인/1700*650600*11201000,291000
옷장 기본형,(기본),235000
옷장 기본형,800*620*1900,235000
Window Desk 백색상판+백색다리40각 젠다이형 테이블,(기본),291000
Window Desk 백색상판+백색다리40각 젠다이형 테이블,2인/1700*650600*11201000,291000
기타품목 기본색상 옷장 기본형,(기본),235000
기타품목 기본색상 옷장 기본형,800*620*1900,235000
프라이버시B 기본선반형,(기본),353500
프라이버시B 기본선반형,10361000*800600*18001050,353500
Reading Desk 백색칸막이+백색상판+백색다리프라이버시B 기본선반형,(기본),353500
Reading Desk 백색칸막이+백색상판+백색다리프라이버시B 기본선반형,10361000*800600*18001050,353500
Standing Desk 백색상판+백색다리40각+갓등스탠딩 테이블,(기본),323500
Standing Desk 백색상판+백색다리40각+갓등스탠딩 테이블,2000*1200*1050,323500
Window Desk 백색상판+백색다리40각스탠딩,(기본),320100
Window Desk 백색상판+백색다리40각스탠딩,2인/1700*650600*11201000,320100
기타품목 기본색상옷장 기본형,(기본),258500
기타품목 기본색상옷장 기본형,800*620*1900,258500
프라이버시B 선반형,(기본),309000
프라이버시B 선반형,10361000*800600*1800740,298000
프라이버시B 선반형,1000*800600*1800740,320000
프라이버시C 플립장변경,(기본),91350
프라이버시C 플립장변경,추가 단가/다이얼키 포함,91350
젠다이형 바 테이블,(기본),210000
젠다이형 바 테이블,1000*650600*11701050,210000
유리칸막이테이블일체형,(기본),54600
유리칸막이테이블일체형,추가 단가/프레임 + 유리포함,54600
다릿발 색상,(기본),6000
다릿발 색상,검정을 백색으로 변경시,6000
Reading Desk 백색칸막이+기성우드상판+검정다리 프라이버시B 선반형,(기본),327800
Reading Desk 백색칸막이+기성우드상판+검정다리 프라이버시B 선반형,10361000*800600*1800740,327800
Standing Desk 기성우드상판+검정다리 젠다이형 바 테이블,(기본),231000
Standing Desk 기성우드상판+검정다리 젠다이형 바 테이블,1000*650600*11701050,231000
Window Desk 기성 우드상판+검정다리 스탠딩,(기본),294800
Window Desk 기성 우드상판+검정다리 스탠딩,2인/1600*650600*11201000,294800
옵션 다릿발 색상 변경시 다릿발 색상,(기본),6500
옵션 다릿발 색상 변경시 다릿발 색상,검정을 백색으로 변경시,6500
프라이버시C상부장 포함,(기본),389000
프라이버시C상부장 포함,1036*800*1800740,389000
프라이버시D1선반형,(기본),580000
프라이버시D1선반형,1036*800*1800740,580000
프라이버시D2선반형,(기본),595000
프라이버시D2선반형,1236*800*1800740,595000
프라이버시D,(기본),59000
프라이버시D,독서등 / 아이클351F,59000
프라이버시D,2구실버 / 기구+타공,13000
프라이버시D,백색으로 변경시,6000
프라이버시D,W1136*D600/800*H1800,592000
프라이버시D,독서등/ 아이클351F,59000
프라이버시D,독서등/아이클351F,59000
프라이버시D,W1200*D1550*H1900,595000
프라이버시D,W1164*D600*H740,10000
사물함+수동다이얼키,(기본),52000
사물함+수동다이얼키,백색/400*400*400,52000
올데이B단면형,(기본),217000
올데이B단면형,W1050*D700*H1200,235000
올데이B단면형,W1218*D750*H1200,217000
올데이B단면형,1018*270*1200,217000
올데이B단면형,1018*750*1200,217000
올데이B양면형,(기본),209000
올데이B양면형,W1050*D700*H1200,235000
올데이B양면형,W1218*D750*H1200,209000
올데이B양면형,1018*270*1200,209000
올데이B양면형,W1218+D800*H1200,219000
올데이B양면형,W1218*D1400*H1200,251500
올데이B양면형,W1218+D1400+H1200,219000
올데이B양면형,1018*750*1200,209000
끝자리 책상,(기본),108000
끝자리 책상,W550*D250*H1200,108000
콘센트,(기본),13000
콘센트,2구 / 기구+타공,13000
콘센트,2구 기본형 + 타공,15000
콘센트,2구콘센트+타공,13000
콘센트,2구/기구+타공,13000
콘센트,2구 / 기구 + 타공,13000
콘센트,타공 + 기구,8000
콘센트,USB2구 3구콘센트,30000
콘센트,전선,300000
콘센트,2구 기본형 실버 + 타공,13000
콘센트,2구기본+타공,11500
콘센트,2구기본+타공+기구,13000
콘센트,2구 기본+타공,13000
콘센트,,13000
콘센트,2구기본실버+2M 선,13000
끝자리 책장,(기본),98000
끝자리 책장,W600*D270*H1200,98000
끝자리 책장,550/600*270*1200,98000
끝자리 책장,600*270*1200,98000
올데이C벽면형,(기본),385000
올데이C벽면형,W1018*0618+H1200,385000
올데이C벽면형,W1018+D618+H1200,385000
올데이C벽면형,1018*618*1200,385000
올데이C날개형,(기본),680000
올데이C날개형,W2036+D618+H1200,680000
3색 조명독서용,(기본),59000
3색 조명독서용,아이클 351F/LED,59000
커뮤니티C4 4인용 갓등,(기본),210000
커뮤니티C4 4인용 갓등,W1680*D1200*H740,210000
커뮤니티C6 6인용 갓등,(기본),260000
커뮤니티C6 6인용 갓등,W2280*D1200*H740,260000
커뮤니티 D4 4인용 갓등,(기본),360000
커뮤니티 D4 4인용 갓등,W1680*D1200*H880,360000
커뮤니티 D6 6인용 갓등,(기본),207708
커뮤니티 D6 6인용 갓등,W2280*D1200*H880,207708
스마트B1인용,(기본),185000
스마트B1인용,W1036*D800*H1200,185000
스마트B2인용,(기본),340000
스마트B2인용,W2054+0800*H1200,340000
스마트B3인용,(기본),475000
스마트B3인용,W3072+D800*H1200,475000
스마트B4인용,(기본),650000
스마트B4인용,W2054+D1600*H1200,650000
스마트B6인용,(기본),890000
스마트B6인용,W3072+D1600*H1200,890000
4인치 평판다리,(기본),52200
4인치 평판다리,하부Ø600/H700,52200
4인치 원반다리,(기본),42500
4인치 원반다리,하부Ø600/H700,42500
색상 변경,(기본),5000
색상 변경,백색다리로 변경시,5000
독서등 조명,(기본),59000
독서등 조명,아이클 351F,59000
정수기장 조합형,(기본),685000
정수기장 조합형,1750*500525*1618,685000
정수기장 조합형,900*600*880740,685000
칸막이테이블,(기본),264000
칸막이테이블,1인용/850*500*1190,196000
칸막이테이블,2인용/1730*500*1190,332000
1구 + USB 콘센트,(기본),29000
1구 + USB 콘센트,실버색상 + 타공비,29000
1구 + USB 콘센트,기구 + 타공비,28500
인포데스크 하부 수납장,(기본),549000
인포데스크 하부 수납장,2단4EA+좌우 마감판,549000
상부장 + 상부서라운드,(기본),158000
상부장 + 상부서라운드,1125*320*750+190,158000
D.C,(기본),157000
D.C,,177500
D.C,제출용 견적은 재작성함,840000
D.C,계좌이체시세금계산서 가능,105000
D.C,-,138000
D.C,현금할인,96000
D.C,계산서발행/계좌이체시,155000
D.C,계좌이체시,93000
철제 칸막이 프레임,(기본),128000
철제 칸막이 프레임,800*2000/30각 검정기본,128000
철제 칸막이 프레임 - A,(기본),88000
철제 칸막이 프레임 - A,600*1500/30각검정기본,88000
철제 칸막이 프레임 - B,(기본),115000
철제 칸막이 프레임 - B,800*1800/30각검정기본,115000
철제 칸막이 프레임-C,(기본),138000
철제 칸막이 프레임-C,800*1800/40각 검정기본,138000
철제 색상 변경,(기본),6000
철제 색상 변경,백색유광으로 변경시,6000
랩책상,(기본),99000
랩책상,W836 * D582 H740 H1000,99000
프라이버시C+상부장+선반,(기본),394500
프라이버시C+상부장+선반,1000*800600*1800740,394500
2구 콘센트기성,(기본),13000
2구 콘센트기성,기본형실버 + 타공비,13000
2구 콘센트기성,기구 + 타공,25300
커뮤니티C+갓등6인용 <라이트그레이 상판 + 40각 백색 다릿발 + 갓등지정색>,(기본),435000
커뮤니티C+갓등6인용 <라이트그레이 상판 + 40각 백색 다릿발 + 갓등지정색>,2200*1100*1340740,435000
커뮤니티C+갓등6인용,(기본),487500
커뮤니티C+갓등6인용,HSS021/2200*1100*1340740,550000
커뮤니티C+갓등6인용,2200*1100*1340740 <라이트그레이 상판 + 40각 백색 다릿발 + 갓등지정색>,435000
커뮤니티C+갓등6인용,2000*1200*1340740,485000
커뮤니티C+갓등6인용,2400*1200*1340740,525000
와이드발받침,(기본),58600
와이드발받침,700*450*740,58600
클래식A사선칸막이,(기본),80900
클래식A사선칸막이,650*450*880740,80900
스마트D기본형책상,(기본),73000
스마트D기본형책상,680*550*740,73000
스마트D칸막이,(기본),49000
스마트D칸막이,W650*H1200 / 18T,49000
스마트D칸막이,W650*H1200/18T,49000
스마트D칸막이,800*1200/18T,49000
스마트D칸막이,W800*H1200/18T,39000
스마트B책상+칸막이,(기본),173000
스마트B책상+칸막이,700*650550*1200,173000
스마트2구콘센트,(기본),13000
스마트2구콘센트,기본형실버 + 타공,13000
스마트,(기본),59000
스마트,아이클 PHX007小,63000
스마트,아이클/351F,59000
스마트,타공 + 매입,10000
스마트,아이클 351F,59000
스마트,W980*D650*H880,98000
스마트,W800*H1200/18T,50000
스마트,아이클 PHX004大,69000
스마트,독서등/아이클351F,59000
스마트,검정 기본 백색으로 변경시,6000
스마트,PHX-004大,69000
철재다릿발,(기본),6000
철재다릿발,백색으로 변경시,6000
쿠시체어팔걸이무,(기본),62500
쿠시체어팔걸이무,옵션/칼라 선택필요,62500
추가 조명스탠드,(기본),63000
추가 조명스탠드,아이클 PHX007小,63000
소파석,(기본),38000
소파석,600*400*700,81000
소파석,900*450/23T,38000
소파석,900*450/18T,24000
소파석,검정/600*400*700,69500
소파석,1000*450/18T,27000
쌍기둥다릿발흰색변경,(기본),5000
쌍기둥다릿발흰색변경,도장 칼라 변경,5000
벽면석책상+후판,(기본),125000
벽면석책상+후판,930*618*1000,125000
벽면석책상+후판,1000*618*1000,125000
측면파티션+철제프레임,(기본),115000
측면파티션+철제프레임,W600*H230/20각 프레임,115000
유리아쿠아or미스트,(기본),35000
유리아쿠아or미스트,제작치수,35000
홀타공,(기본),5000
홀타공,홀캡 포함 / Ø60,5000
홀타공,위치 지정 / 1개소씩,5000
홀타공,홀타공+캡,5000
유리시공비,(기본),200000
유리시공비,현장시공,200000
유리시공비,현장 유리시공,150000
유리시공비,,300000
유리시공비,현장시공/6시이후 시공,200000
칸막이 열람테이블책상,(기본),100000
칸막이 열람테이블책상,2인용/900*1200*740,100000
칸막이 열람테이블책상,1인용/900*600*740,75000
칸막이 열람테이블책상,1인용/1000*600*1060740,120000
칸막이 파티션 A,(기본),258000
칸막이 파티션 A,W1800*H1200/30각,258000
칸막이 파티션 B,(기본),190000
칸막이 파티션 B,W900*H1200/30각,190000
책상 색상 변경,(기본),6000
책상 색상 변경,N칼라/레트로오크/멀바우,6000
칸막이 열람테이블아크릴,(기본),42000
칸막이 열람테이블아크릴,양면아스텔/870*350/5T,42000
4인용 테이블 A,(기본),196000
4인용 테이블 A,1600*1200*740/ 백색,196000
4인용 테이블 A,1600*1200*740 / 백색,196000
벽면 테이블 A1,(기본),119000
벽면 테이블 A1,1800*600*740,119000
벽면 테이블 A2,(기본),75000
벽면 테이블 A2,850*600*740,75000
책상 색상 변경 A1+A2,(기본),24000
책상 색상 변경 A1+A2,N칼라/레트로오크/멀바우,24000
갓등 테이블테이블,(기본),196000
갓등 테이블테이블,1600*1200*740,196000
갓등 조명지정색상,(기본),129000
갓등 조명지정색상,W1600*D100/H600,129000
테이블 색상 변경,(기본),10000
테이블 색상 변경,N칼라/레트로오크/멀바우,10000
조합형 테이블 책상,(기본),79000
조합형 테이블 책상,1200*600*740,79000
조합형 테이블 칸막이,(기본),85000
조합형 테이블 칸막이,이미지 참조,85000
칸막이 색상 변경,(기본),18000
칸막이 색상 변경,N칼라/레트로오크/멀바우,18000
자습테이블커뮤니티D,(기본),408000
자습테이블커뮤니티D,2000*1100*880740,408000
붙박이테이블쌍기둥평판,(기본),132000
붙박이테이블쌍기둥평판,1200*600*720,132000
칸막이 테이블1인용,(기본),150000
칸막이 테이블1인용,890*630*880,150000
400칸 사물함,(기본),52000
400칸 사물함,1칸/400*400*400+다이얼키,52000
경사식 서가,(기본),187000
경사식 서가,400*400/H1680,187000
오픈형 박스,(기본),68000
오픈형 박스,400*400/H800,68000
사물함 종류의 색상 변경시 추가단가 색상 참고,(기본),6000
사물함 종류의 색상 변경시 추가단가 색상 참고,,6000
회의실테이블배치분리형,(기본),113000
회의실테이블배치분리형,1500*500*740,113000
후판치마 추가,(기본),30000
후판치마 추가,1438*400/18T,30000
6인용 테이블 A,(기본),298000
6인용 테이블 A,2400*1200*740 / 백색,298000
6인용 테이블 B,(기본),298000
6인용 테이블 B,2400*1200*740/백색,298000
사각타공 2개,(기본),30000
사각타공 2개,타공비사각*2개소,30000
BIS 콘센트,(기본),65000
BIS 콘센트,사양서 참조,74000
BIS 콘센트,3구 USB겸용 + 타공,65000
바테이블,(기본),123000
바테이블,2200*500*740,140000
바테이블,W1080XD450×H950,106000
바테이블,750*500,102000
바테이블,1700*300,147000
칸막이 테이블책상,(기본),75000
칸막이 테이블책상,1인용/950*600*740,75000
칸막이N209,(기본),55000
칸막이N209,W700*H1200/18T,55000
올데이BB양면형책상,(기본),215000
올데이BB양면형책상,오픈형/1218*750*1200,215000
올데이BB끝자리수납장,(기본),98000
올데이BB끝자리수납장,오픈형/600*270*1200,98000
올데이BA단면형책상,(기본),215000
올데이BA단면형책상,오픈형/1218*750*1200,215000
올데이BA단면형책장,(기본),115000
올데이BA단면형책장,오픈형/690*270*1200,115000
2구 콘센트상판매입,(기본),13000
2구 콘센트상판매입,기본형 실버 + 타공비,13000
2구 콘센트상판매입,기본형 실버 + 타공,13000
하부반도어 추가시,(기본),28000
하부반도어 추가시,추가단가,28000
하부양문도어 추가시,(기본),56000
하부양문도어 추가시,추가단가,56000
도어 시건장치,(기본),19000
도어 시건장치,수동다이얼키,19000
클래식,(기본),10000
클래식,W800*D600*H880740,105000
클래식,기본형 2구실버 + 타공,10000
클래식,검정 기본 백색 추가단가,6000
클래식,800*600*740,80000
클래식B 상판,(기본),129000
클래식B 상판,1000*600*880740,129000
클래식A 상판,(기본),94500
클래식A 상판,1000*600*880740,94500
클래식A 치수변경 추가분,(기본),15500
클래식A 치수변경 추가분,1200*600*880740,15500
콘센트 별도 상판타공,(기본),13000
콘센트 별도 상판타공,2구 기본형 + 타공,13000
6단 신발장,(기본),28000
6단 신발장,300×320×300,28000
측판,(기본),35000
측판,320×18×1800,35000
맥스블랙스페셜K,(기본),40000
맥스블랙스페셜K,600*400*720,40000
멀티하이팩 스타킹의자 검정,(기본),29000
멀티하이팩 스타킹의자 검정,485*435*805,29000
4단 사물함,(기본),35000
4단 사물함,400X400X400,35000
뉴팬지_화이트,(기본),21000
뉴팬지_화이트,,21000
뉴팬지_화이트,EA,21000
뉴팬지 화이트,(기본),22000
뉴팬지 화이트,,22000
3단 사물함 백색,(기본),225000
3단 사물함 백색,3단규격/400*400*1850,225000
전자키A형,(기본),55000
전자키A형,"이미지 참조 / 백색, 검정",55000
전자키B형,(기본),47000
전자키B형,"이미지 참조 / 백색, 검정",47000
전자키C형,(기본),38000
전자키C형,이미지 참조 / 검정,38000
스마트 조명,(기본),69000
스마트 조명,아이클 PHX-004,69000
스마트 조명,아이클 PHX-007D小,63000
스마트 조명,아이클 351F,59000
올데이B,(기본),179000
올데이B,580/750장,226750
올데이B,2구실버 / 기구+타공,13000
올데이B,백색으로 변경시,6000
올데이B,11181100*586550*1200,179000
올데이B,오픈장 / 700*270*1200,98000
올데이B,도면사이즈참고,298000
심플A,(기본),152600
심플A,750*500상판사이즈,77500
심플A,1000*600*1200740,163500
심플A,830*630*1200740,152600
유리,(기본),19500
유리,,12000
유리,미스트,27000
유리,5T 강화,27000
커뮤니티 C,(기본),395000
커뮤니티 C,2000*1200*740,395000
커뮤니티 A콘센트만,(기본),215000
커뮤니티 A콘센트만,1800*800*740,215000
다리색변경,(기본),10000
다리색변경,,10000
사물함수동다이얼키포함,(기본),52000
사물함수동다이얼키포함,400*400*400,52000
올데이BA벽면,(기본),215000
올데이BA벽면,1068*700*1200,215000
올데이BA 벽면수납장,(기본),98000
올데이BA 벽면수납장,700*270*1200,98000
올데이 지그재그+수납장,(기본),270000
올데이 지그재그+수납장,일체형/1068*900*1200,270000
올데이BB 책상+수납,(기본),215000
올데이BB 책상+수납,양면형/1068*700*1200,215000
올데이BB 책상+수납,양면일체형/1168*700*1200,215000
올데이BB 끝자리수납장,(기본),98000
올데이BB 끝자리수납장,700*270*1200,98000
올데이BB 끝자리수납장,600*270*1200,98000
올데이E 3단,(기본),220000
올데이E 3단,1068*850600*1200,220000
클래식 A1,(기본),95000
클래식 A1,W900*D600*H880,95000
클래식 A2,(기본),108000
클래식 A2,W900*D630*H880,108000
올데이,(기본),64000
올데이,W1218+D1500*H1335,238000
올데이,스탠드T형/PHX-004,69000
올데이,2구실버 / 기구+타공,13000
올데이,독서등/아이클351F,59000
올데이A,(기본),10000
올데이A,타공 + 매입,10000
큐브Z,(기본),59000
큐브Z,W1218+D900*H1200,169000
큐브Z,아이클/351F,59000
큐브Z,타공 + 매입,10000
커뮤니티 A1,(기본),250000
커뮤니티 A1,W2200*D1200*H740,250000
커뮤니티 A2,(기본),229000
커뮤니티 A2,W2200*D900*H740,229000
기본형테이블교무실,(기본),79000
기본형테이블교무실,W1200*D600*H740,79000
기본형테이블,(기본),72000
기본형테이블,W1200*H600/18T,40000
기본형테이블,W900*D500*H740,77000
기본형테이블,W1000*D600*H730,68000
기본형테이블,W1200*D600*H730,72000
기본형테이블,W1200*D700*H730,95000
책장A,(기본),205000
책장A,₩735+D450/350+H2200,205000
책장,(기본),15000
책장,사양서기준,15000
책장B3단,(기본),115000
책장B3단,W800*D400*H1200,115000
책장B4단,(기본),129000
책장B4단,W800*D400*H1550,129000
책장B5단,(기본),165000
책장B5단,W800*D400*H1900,165000
의자열람실,(기본),75000
의자열람실,사양서기준A형,75000
의자소그룹실,(기본),44000
의자소그룹실,사양기준,44000
의자교무실,(기본),79500
의자교무실,사양기준,79500
올데이 책상,(기본),177500
올데이 책상,W1068*D700*H1200,185000
올데이 책상,W1068*D590*H1200,170000
올데이 책상,₩1068+D590*H1200,170000
올데이 책장,(기본),76000
올데이 책장,W800+D250*H740,76000
올데이 책장,W700*D250*H740,76000
스마트B1 연결형,(기본),187000
스마트B1 연결형,1018*800600*1200740,187000
스마트B2 중앙형,(기본),159000
스마트B2 중앙형,1018*800600*1200740,159000
의자루시A,(기본),81000
의자루시A,화이트프레임 좌판색 지정,81000
의자옵션변경,(기본),29000
의자옵션변경,등판 틸팅 / 기능 추가,29000
스마트B2 연결형,(기본),159000
스마트B2 연결형,1018*800600*1200740,159000
단면형 책장,(기본),108000
단면형 책장,700*270*1200,108000
단면형 책장,700*1200/18T,108000
음악실 테이블 1인용,(기본),160000
음악실 테이블 1인용,W800*D700*H790,160000
음악실 테이블 2인용,(기본),295000
음악실 테이블 2인용,W1600*D700*H790,295000
음악실 테이블 3인용,(기본),425000
음악실 테이블 3인용,W2400*D700*H790,425000
2구 콘센트 실버,(기본),10000
2구 콘센트 실버,기본형 2구 + 타공비,10000
콘센트 하부 박스,(기본),10000
콘센트 하부 박스,콘센트 하부 가림용도,10000
콘센트 하부 박스,추가옵션,15000
콘센트 하부 박스,철재 절곡형/제작품,10000
콘센트 하부 박스,철재 절곡형 / 제작품,10000
측면 마감판,(기본),58000
측면 마감판,W700*H790/18T,58000
바 테이블 책상높이,(기본),94000
바 테이블 책상높이,W1500*D400*H740,94000
에이라인C 모니터 책상,(기본),97000
에이라인C 모니터 책상,W750*D600*H840740,97000
라운드 칸막이,(기본),49000
라운드 칸막이,W780*H1200/18T,49000
베이직A기사용 제품,(기본),110000
베이직A기사용 제품,W750*D600*H1000,110000
주물다리,(기본),56000
주물다리,W390*D390*H705,56000
스마트D기본형테이블,(기본),73000
스마트D기본형테이블,800*600*740,77000
스마트D기본형테이블,900*600*740,73000
스마트D기본형테이블,850*600*740,73000
스마트D기본형테이블,780*600*740,73000
스마트D기본형테이블,W800*D600*H740,73000
스마트D라운드칸막이,(기본),49000
스마트D라운드칸막이,W800*H1200/ 18T,49000
스마트D라운드칸막이,W800*H1200/18T,49000
스마트D라운드칸막이,W900*H1200/18T,55000
조명스탠드,(기본),63000
조명스탠드,아이클/PHX-007D小,63000
커뮤니티C,(기본),185000
커뮤니티C,기본형실버 + 타공,13000
커뮤니티C,2구 콘센트 사용시,95000
커뮤니티C,W2000*D1200*H1340,367000
커뮤니티C,지정칼라/2400*100*600,296400
커뮤니티C,기본형실버 + 타공비,13000
커뮤니티C,진금색/2400*100*600,185000
커뮤니티C,BID-203M하단이미지,89000
커뮤니티C,지정칼라/1860*100*600,150000
스퀘어1인,(기본),92500
스퀘어1인,1000*648*1190,123000
스퀘어1인,유리포함/백색,62000
스퀘어,(기본),29000
스퀘어,기본형실버 + 타공,13000
스퀘어,-,52
스퀘어,독서등 / 아이클351F,59000
스퀘어,W1000×D650×H1190740,198000
스퀘어,W2000*D500 / 18T,67000
스퀘어,W2000+D250 / 18T,56000
스퀘어,W1000*D500 / 18T,45000
커뮤니티B 6인용,(기본),420000
커뮤니티B 6인용,2400*1200*740,420000
커뮤니티B,(기본),345000
커뮤니티B,기본형실버 + 타공,13000
커뮤니티B,2구 콘센트 사용시,95000
커뮤니티B,2200*1000*740,380000
커뮤니티B,1600*1200*740,345000
커뮤니티 B,(기본),95000
커뮤니티 B,2구 콘센트 사용시,95000
커뮤니티C 6인용,(기본),465000
커뮤니티C 6인용,2400*1200*740,465000
스마트B2인1set,(기본),635000
스마트B2인1set,1000*600,635000
프라이버시 D,(기본),465000
프라이버시 D,1000*600 H1800,465000
프라이버시 E,(기본),558000
프라이버시 E,1000*600 H2220,558000
분리수거함,(기본),89000
분리수거함,전체사이즈=1200*500,89000
오픈장,(기본),102000
오픈장,600*500 H850,65000
오픈장,900*300*1200,139000
사물함다이얼키,(기본),42000
사물함다이얼키,400*400*400,42000
올데이B 책상,(기본),239000
올데이B 책상,W1118*D700*H1200,239000
올데이B 수납장,(기본),120000
올데이B 수납장,W600*D250*H1200,120000
올데이C2 콘센트,(기본),10000
올데이C2 콘센트,2구타공+기구,10000
플립장 다이얼키,(기본),20000
플립장 다이얼키,번호키/기본형,20000
플립장 다이얼키,기본형 다이얼키,250000
프라이버시C 콘센트,(기본),10000
프라이버시C 콘센트,2구타공+기구,10000
프라이버시C 조명,(기본),59000
프라이버시C 조명,LED / 351F,59000
올데이 BC2인용,(기본),459000
올데이 BC2인용,W2152+D1440*H1200,459000
올데이BC1인용,(기본),368000
올데이BC1인용,W1225+D1440*H1200,368000
스탠딩테이블,(기본),105000
스탠딩테이블,W1000*D500*H1000,105000
스탠딩테이블,600*400*1000,72000
입구테이블기본형,(기본),115000
입구테이블기본형,W1500*D600*H740,115000
대기테이블기본형,(기본),63000
대기테이블기본형,W600*D600*H740,63000
붙박이소파,(기본),1250000
붙박이소파,W1800*D600*H900,1250000
올데이BA1인용,(기본),232000
올데이BA1인용,W1118*D700*H1200,219000
올데이BA1인용,W1158+D640*H1200,245000
끝자리 수납장,(기본),105000
끝자리 수납장,W600*D250*H1200,105000
올데이수납장,(기본),163000
올데이수납장,W750+D250*H1200,163000
도어,(기본),20000
도어,기본형 다이얼키,20000
심플F 테이블,(기본),65000
심플F 테이블,기본형 / 900*400*740,65000
심플F 칸막이,(기본),120000
심플F 칸막이,추가단가검정기본,120000
심플F 유리,(기본),45000
심플F 유리,아쿠아 OR 미스트,45000
스탠딩A,(기본),69000
스탠딩A,800*400*1000,69000
유리시공비벽고정,(기본),150000
유리시공비벽고정,현장시공,150000
심플B,(기본),120050
심플B,700*500*1200740,147000
심플B,1000*600*1200740,120000
심플B,930*600*1200740,120100
심플B,800*600*1200740 <심플B : 상판 레트로오크 + 다리 검정+유리 아쿠아>,123200
심플B,700*450*1200,109000
심플C,(기본),147000
심플C,730*500*1200740,109200
심플C,1000*600*1200740,157900
심플C,960*600*1200740,157900
심플C,추가 옵션H:300,20000
심플C,타공 + 2구실버,13000
심플C,730*450*1200,147000
베이직A 높은,(기본),121400
베이직A 높은,700*500*1000740,121400
베이직B 낮은,(기본),92000
베이직B 낮은,700*500*800740,92000
베이직B 낮은,1800*608*1340740,92000
사물함백색,(기본),49000
사물함백색,W400*D370*H395,49000
사물함백색,400*300*400,47000
전자키,(기본),50000
전자키,별도/추가옵션,50000
전자키,사양 변경시,38000
전자키,"사양 변경시/백색, 검정 택1",38000
수동 다이얼키,(기본),15000
수동 다이얼키,별도/추가옵션,15000
기본형 테이블,(기본),76000
기본형 테이블,W1000*D500*H720,76000
기본형 테이블,W1000*D500*H720 < 백색30각 다릿발 + 모번상판 23T >,76000
기본형 테이블,W1600×D800×H740,175000
기본형 테이블,W700*D790*H720,69000
기본형 테이블,1800*600*740,135000
낮은 바테이블,(기본),125000
낮은 바테이블,W1 785*D300*H750,125000
사각타공콘센트별도,(기본),7000
사각타공콘센트별도,별도/추가옵션,7000
홀타공흘캡,(기본),5000
홀타공흘캡,별도/추가옵션,5000
업체가 D.C,(기본),39000
업체가 D.C,현금결제 조건,39000
스마트B1벽면형,(기본),185000
스마트B1벽면형,W800/900*D600*H740,185000
스마트B2중앙형,(기본),155000
스마트B2중앙형,W800/900*D600*H740,155000
"1,2번강의실책상세트",(기본),268000
"1,2번강의실책상세트",도면치수 좌우서랍,268000
3번강의실 책상세트,(기본),198000
3번강의실 책상세트,도면치수 좌우서랍,198000
4번마하 강의실,(기본),326000
4번마하 강의실,도면치수 H1250+700분리,326000
5번홀 자습테이블,(기본),270000
5번홀 자습테이블,젠다이/1850*450*840720,270000
6번홀 자습테이블+갓등,(기본),330000
6번홀 자습테이블+갓등,1300*900*1320720,330000
7번마하99,(기본),195000
7번마하99,기본/1500*500*840720,195000
8번마하99,(기본),225000
8번마하99,젠다이/1400*500*870750,225000
9번정수기장+상부마감판,(기본),300000
9번정수기장+상부마감판,도면치수 W830+470분리,300000
10번테스트실 책상-3인석,(기본),495000
10번테스트실 책상-3인석,3인석=1세트/미스트유리,495000
11번인포데스크 하부장,(기본),800000
11번인포데스크 하부장,도면치수좌우마감판/상부X,800000
"콘센트5,8,10번 도면",(기본),10000
"콘센트5,8,10번 도면",2구 기본형 + 타공비,10000
홀타공+흘캡1~4번 도면,(기본),5000
홀타공+흘캡1~4번 도면,타공비 + 흘캡,5000
클래식E 파스텔모번,(기본),140800
클래식E 파스텔모번,W800×D650×H880 740,140800
클래식ㅌ 백색 다릿발,(기본),7500
클래식ㅌ 백색 다릿발,다리색상변경/ 추가단가,7500
멀티클래식우레탄B,(기본),58000
멀티클래식우레탄B,600*400*720,58000
스마트F,(기본),118000
스마트F,W900*D650*H880740,118000
스마트F,W800*H1150/18T,138000
스마트F,아이클 / PHX-004,69000
커뮤니티D,(기본),530000
커뮤니티D,1800*1200,585400
커뮤니티D,2000*1200*1340740,590000
커뮤니티D,2구실버 / 기구+타공,13000
커뮤니티D,W2250+D1200*H1 480,530000
스마트B 1,(기본),474100
스마트B 1,1000*600*1500,474100
프라버시D도어형,(기본),595000
프라버시D도어형,10501014*1550600*1900,595000
프라버시G반오픈형,(기본),525000
프라버시G반오픈형,1000964*1600600*2200,525000
프라이버시C + 상부플립장,(기본),385000
프라이버시C + 상부플립장,1000964*800600*2200,385000
철재다릿발검정기본,(기본),6000
철재다릿발검정기본,백색으로 변경시,6000
D.C현금결제가,(기본),179000
D.C현금결제가,카드결제시 적용 불가,179000
클래식B,(기본),153600
클래식B,800*600*1200,190000
클래식B,1000*600*880740,117200
어드밴스 F1,(기본),405000
어드밴스 F1,840*800*1150,405000
어드밴스 F1,940*800*1150,405000
어드밴스 F2,(기본),280000
어드밴스 F2,820*800*1150,280000
어드밴스 F2,920*800*1150,280000
스마트BH,(기본),268000
스마트BH,W916*D750*H1600,268000
베이직C1,(기본),199000
베이직C1,W836*D750*H1100,199000
베이직 C2-1,(기본),199000
베이직 C2-1,W836*D750*H1200,199000
베이직 C2-2,(기본),215000
베이직 C2-2,W916*D750*H1200,215000
철판책상+모니터선반,(기본),1100000
철판책상+모니터선반,W1300*D750*H1750,1100000
철판책상+모니터선반,W1300*D730*H1750,1100000
프라이버시BZ칸막이+책상,(기본),301000
프라이버시BZ칸막이+책상,A형/1000*800600*1800740,295000
프라이버시BZ칸막이+책상,B형/1000*800600*1800740,307000
A형라이트그레이칸막이,(기본),59000
A형라이트그레이칸막이,아이클 351F,59000
클래식B1인 테이블,(기본),117000
클래식B1인 테이블,1000*600*890750,117000
6인 테이블,(기본),239000
6인 테이블,2400*1000*750,239000
프라이버시A,(기본),548000
프라이버시A,W1000*D600*H740,548000
프라이버시A,W1236+D600/800*H1800,265000
프라이버시 조명,(기본),59000
프라이버시 조명,아이클 351F,59000
클래식 A,(기본),77500
클래식 A,W1190*D600*H880,98000
클래식 A,2구 기본형+타공,10000
클래식 A,₩800×D600×H880,76000
클래식 A,700*500*720,79000
프라이버시D1 후문,(기본),595000
프라이버시D1 후문,W1100*D1550*H1900,595000
프라이버시D2옆문,(기본),595000
프라이버시D2옆문,W1100*D1550*H1900,595000
프라이버시 콘센트,(기본),10000
프라이버시 콘센트,2구 기본형+타공,10000
프라이버시 콘센트,2구 기본형 + 타공,10000
프라이버시 콘센트,2구 타공+기구,15000
LED 독서등,(기본),59000
LED 독서등,ICLE / 351F,59000
LED 독서등,,65000
LED 독서등,ICLE/351F,59000
올데이C세트,(기본),362
올데이C세트,W1218+D1436+H1200,362
다이얼키,(기본),20000
다이얼키,기본형,20000
다이얼키,,15000
다이얼키,기본형 다이얼,20000
다이얼키,실버,20000
다이얼키,사양서 기준,10000
올데이 콘센트,(기본),10000
올데이 콘센트,2구 기본형+타공,10000
프라이버시 A,(기본),120
프라이버시 A,W1200*D300*H600,120
플립장 잠금키,(기본),20000
플립장 잠금키,기본형 다이얼키,20000
클래식 E,(기본),85000
클래식 E,₩800X0600XH1140,85000
스마트D젠다이,(기본),189000
스마트D젠다이,1200*800*1200,189000
스마트B선반,(기본),293000
스마트B선반,1200*800*1400,293000
에코 LED 조명,(기본),65000
에코 LED 조명,800*650*1300,65000
코쿤등좌판쿠션,(기본),470000
코쿤등좌판쿠션,1150*750*1200,470000
코쿤테이블,(기본),105000
코쿤테이블,700*500*720,105000
커뮤니티B6인용,(기본),415000
커뮤니티B6인용,2400*1200*740,415000
커뮤니티B4인용,(기본),395000
커뮤니티B4인용,1600*1200*740,395000
BIS콘센트 회전형BID-202M,(기본),65000
BIS콘센트 회전형BID-202M,2구 + USB 2포트/선택색상,65000
BIS 콘센트 타공비,(기본),15000
BIS 콘센트 타공비,추가 가공비,15000
기본형2구,(기본),13000
기본형2구,실버 2구 + 타공비포함,13000
EGA 글라이드,(기본),160000
EGA 글라이드,TN601FE,160000
커뮤니티C1,(기본),405000
커뮤니티C1,W2100*D1200*H1340740,405000
커뮤니티C2,(기본),365000
커뮤니티C2,W2100*D600*H1340740,365000
스퀘어A,(기본),89000
스퀘어A,W800XD600XH1200,195000
스퀘어A,800*650650*1208740,140000
스퀘어A,2구실버 / 기구+타공,13000
스퀘어A,W850×D600×H1190740,124000
스퀘어A,-,52000
스퀘어A,W800×D650×H1190,215000
스퀘어A,₩800×D650×H1190,215000
스퀘어A,800*650600*1200740,129000
스퀘어A,,52000
스퀘어A,다릿발 백색으로 변경시,6500
스퀘어A,콘센트2구/실버 / 기구+타공,13000
스퀘어A,아이클 / 351F,59000
스마트B 책상+칸막이,(기본),195000
스마트B 책상+칸막이,책상/1000*600*740,195000
스마트B 조명,(기본),59000
스마트B 조명,아이클 351F,59000
스마트D 젠다이책상,(기본),115000
스마트D 젠다이책상,1100*650*860740,115000
스마트D 라운드 칸막이,(기본),55000
스마트D 라운드 칸막이,W900*H1200/18T,55000
스마트D 라운드 칸막이,W900*H1200 / 18T,55000
스마트D 라운드 칸막이,W800*H1200/18T,49000
스마트D 조명,(기본),69000
스마트D 조명,아이클 PHX-004大,69000
스마트D 조명,아이클 PHX-004,69000
스마트D 조명,아이클 PHX-007小,85000
커뮤니티C기본형테이블,(기본),305000
커뮤니티C기본형테이블,갓등X/2000*1200*1340740,305000
기형테이블,(기본),125000
기형테이블,1550*450*740,125000
올데이A벽면형,(기본),205000
올데이A벽면형,1070*1400*1340,205000
올데이A양면형,(기본),315000
올데이A양면형,2140*1400*1340,315000
창가,(기본),60500
창가,1000*210*380,75000
창가,595*515/18T,46000
중앙,(기본),76500
중앙,1000*350*1120,98000
중앙,미스트 OR 아쿠아 5T,55000
입구앞,(기본),99000
입구앞,1950*300/5T,136000
입구앞,595*300/18T,33000
입구앞,1390*300/18T,99000
유리 실리콘 작업,(기본),200000
유리 실리콘 작업,-,200000
심플 B,(기본),120450
심플 B,W900*D600*H1200/740,133000
심플 B,W900*D600*H1200,120900
심플 B,780*600*1200,87000
심플 B,W800*D600*H1200,120000
심플 B,W700*D500*H1200,110000
PC 테이블,(기본),205000
PC 테이블,W1500*D800*H740 <검정40각다리 + 네츄럴월넛 LPM 상판23T >,205000
올데이BC2양면,(기본),295000
올데이BC2양면,2인책상/1900*640*1200,295000
올데이BA1단면,(기본),215000
올데이BA1단면,1인책상/1070*640*1200,185000
올데이BA1단면,1168/1218*750*1200,215000
올데이BA1단면,1218*750*1200,215000
올데이C 양면,(기본),459000
올데이C 양면,2240*800600*1200,459000
올데이C 양면수납장,(기본),115000
올데이C 양면수납장,800*300*1200,115000
올데이C 단면,(기본),295000
올데이C 단면,1270*800600*1200,295000
올데이C 단면수납장,(기본),105000
올데이C 단면수납장,960*630*1200740,105000
올데이C 단면수납장,800*300*1200,105000
독서등조명,(기본),59000
독서등조명,아이클/351F,59000
독서등조명,아이클 / 351F,59000
기역자 파티션,(기본),69000
기역자 파티션,968*180*1040,69000
추가칸막이 별도 설치시,(기본),300000
추가칸막이 별도 설치시,배송비 포함,300000
다릿발,(기본),24400
다릿발,W1075*D490*H530,42000
다릿발,백색으로 변경 시,6800
30각 다릿발,(기본),150000
30각 다릿발,W500*D500*H785,150000
20각 다릿발,(기본),140000
20각 다릿발,W500*D500*H785,140000
테이블다리A,(기본),105000
테이블다리A,1950*590*730+측면타공,105000
테이블다리B,(기본),100000
테이블다리B,1880*590*730+측면타공,100000
테이블다리C,(기본),86000
테이블다리C,1730*590*730,86000
테이블다리D,(기본),92000
테이블다리D,1180*590*730+측면타공,92000
테이블다리ㅌ,(기본),36000
테이블다리ㅌ,400*590*730+측면타공,36000
00676,(기본),700
00676,*#프린드출감소,700
올데이B1벽면형,(기본),160000
올데이B1벽면형,1018*750*1200740,215000
올데이B1벽면형,750*270*1200,105000
올데이B2중앙형,(기본),205000
올데이B2중앙형,1018*750*1200740,205000
올데이B2끝자리수납장,(기본),105000
올데이B2끝자리수납장,750*270*1200,105000
프라이버시D선반형,(기본),580000
프라이버시D선반형,1036*1550*1900740,580000
프라이버시G상부장 포함,(기본),598000
프라이버시G상부장 포함,1036*1600*2200740,598000
프라이버시G,(기본),15000
프라이버시G,독서등/아이클351F,59000
프라이버시G,2구실버 / 기구+타공,13000
프라이버시G,수동형 다이얼키 / 실버,15000
프라이버시G,백색으로 변경시,6000
프라이버시G,도면치수*14006002200740,415000
스마트B1 칸막이D900,(기본),215000
스마트B1 칸막이D900,1100*900*1200740,215000
스마트B1' 칸막이D900,(기본),245000
스마트B1' 칸막이D900,1100*1400*1200740,245000
스마트B2 칸막이 D900,(기본),195000
스마트B2 칸막이 D900,1100*800*1200740,195000
젠다이테이블,(기본),37000
젠다이테이블,1100*600*860740,115000
젠다이테이블,1100*650*860740,115000
젠다이테이블,-,34500
젠다이테이블,,37000
젠다이테이블,레트로오크 18T,37000
사각형 칸막이,(기본),45000
사각형 칸막이,800*400/18T,45000
사각형 칸막이,750*400/18T,45000
다릿발 백색 변경,(기본),6500
다릿발 백색 변경,추가단가검정기본,6500
홀타공 + 홀캡 Ø60,(기본),5000
홀타공 + 홀캡 Ø60,-,5000
홀타공 + 홀캡 Ø60,,5000
중간 수납장오픈장A,(기본),160000
중간 수납장오픈장A,900*250*1200,160000
중간 수납장오픈장B,(기본),140000
중간 수납장오픈장B,800*250*1200,140000
중간 수납장오픈장C,(기본),128
중간 수납장오픈장C,700*250*1200,128
프라이버시D1,(기본),592000
프라이버시D1,₩1036*D1550*H1900,592000
프라이버시 D2,(기본),592000
프라이버시 D2,₩1036+D1550*H1900,592000
프라이버시 D2,W936*D1550*H1900,592000
클래식A,(기본),80900
클래식A,¥800*D600*H880740,89000
클래식A,700*500*880740,80900
클래식A,W900*D600*H880,107000
클래식A,W700*D500*H880740,80900
클래식A,800*600*880740,80900
클래식A,다릿발 백색으로 변경시,6500
클래식A,콘센트2구/실버 / 기구+타공,13000
클래식A,2인SET,167000
스마트A-12석,(기본),1825000
스마트A-12석,850*600800*7401200,1825000
추가 칸막이 상판 고정,(기본),29000
추가 칸막이 상판 고정,540*100*H218,29000
갓등사이 아크릴브라켓고정,(기본),65000
갓등사이 아크릴브라켓고정,양면아스텔 1536*H300/5T,65000
와이드 작은방1+큰방3,(기본),55900
와이드 작은방1+큰방3,700*500*740,55900
발받침 필요시,(기본),2700
발받침 필요시,추가 옵션,2700
상판,(기본),13600
상판,추가 옵션,13600
베이직A H:1000,(기본),133000
베이직A H:1000,900*600*1000740,133000
베이직A H:1000,800*600*1000,120900
베이직B H:800,(기본),107000
베이직B H:800,900*600*800740,107000
강의실의자,(기본),37400
강의실의자,링크 참조,37400
강의실의자,블랙/그레이 중 택1,37400
자습실의자,(기본),61000
자습실의자,링크 참조,61000
와이드 작은방1+큰방3 <검정다릿발 + 기본색상 상판>,(기본),55900
와이드 작은방1+큰방3 <검정다릿발 + 기본색상 상판>,700*500*740,55900
베이직B H:800 <모번상판 + 백색 칸막이>,(기본),107000
베이직B H:800 <모번상판 + 백색 칸막이>,900*600*800740,107000
베이직A,(기본),133000
베이직A,900*600*1000740,133000
베이직A,700*500*1000,110000
베이직A,900*600*1000,152000
스마트B 책상+칸막이세트,(기본),165000
스마트B 책상+칸막이세트,900*800600*1200740,165000
2구 콘센트자습실,(기본),13000
2구 콘센트자습실,2구 기본형 + 타공,13000
강의실 의자,(기본),33700
강의실 의자,링크 참조,37400
강의실 의자,추천세븐체어,30000
스마트B1책상+칸막이,(기본),185000
스마트B1책상+칸막이,책상: 800/900*600*740,185000
스마트B2책상+칸막이,(기본),155000
스마트B2책상+칸막이,책상: 800/900*600*740,155000
스마트 젠다이형 책상,(기본),138000
스마트 젠다이형 책상,1000*600*740880,138000
스마트 D 파티션,(기본),66500
스마트 D 파티션,800*1200*18T,66500
T자형 조명,(기본),93500
T자형 조명,아이를 PHX-004,93500
스마트 B,(기본),249300
스마트 B,전체/1018*800*1200,249300
커뮤니티C-4인석 갓등,(기본),566000
커뮤니티C-4인석 갓등,2000*1200*740,566000
커뮤니티C-2인석 갓등,(기본),437100
커뮤니티C-2인석 갓등,1000*1200*740,437100
"2콘센트Room1.2,중앙",(기본),17600
"2콘센트Room1.2,중앙",기본형실버+타공,17600
올데이B12벽면배치 책상,(기본),198000
올데이B12벽면배치 책상,1218*270*1200,214000
올데이B12벽면배치 책상,1218*586*1200,198000
올데이B12벽면배치 책상,1168*586*1200,198000
올데이B12,(기본),98000
올데이B12,750*270*1200,98000
올데이B12,614*270*1200,98000
의자 칼라 2종,(기본),68000
의자 칼라 2종,CS100,68000
클래식A1높은 칸막이,(기본),113000
클래식A1높은 칸막이,W690*D500*H1120720,113000
클래식A2높은 칸막이,(기본),123000
클래식A2높은 칸막이,W800*D500*H1120720,123000
클래식C낮은 칸막이,(기본),83900
클래식C낮은 칸막이,W700*D500*H860720,83900
다릿발 색상 변경,(기본),6500
다릿발 색상 변경,백색으로 변경시,6500
"콘센트2구 - A1,A2 적용",(기본),13000
"콘센트2구 - A1,A2 적용",기본형/실버 + 타공,13000
홀타공홀캡 - C 적용,(기본),5000
홀타공홀캡 - C 적용,Ø60 타공 캡포함,5000
2인용 책상,(기본),68000
2인용 책상,W1200*D400*H720,68000
5단하도어수납장,(기본),169000
5단하도어수납장,W800*D320*H1900,169000
4단오픈형수납장,(기본),98000
4단오픈형수납장,W800*D300*H1600,98000
선생님 책상,(기본),85000
선생님 책상,1200*700*740높이지정,85000
세븐 체어,(기본),32300
세븐 체어,이미지 참조/샌드핑크,32300
짝다리 테이블,(기본),39000
짝다리 테이블,W350*D400*H60/30각,50000
짝다리 테이블,W350*D400/18T,28000
짝다리 테이블,W350*D400*H600/30각,50000
아크릴 변경,(기본),13600
아크릴 변경,추가옵션,13600
와이드강의실책상,(기본),52500
와이드강의실책상,W650*D500*H740,52500
와이드강의실책상,W640*D450*H740,52500
바테이블후판포함,(기본),129000
바테이블후판포함,W1000*D518*H970,129000
이동식 가림판,(기본),25000
이동식 가림판,W500*D100*H300,25000
교무실 책상,(기본),79000
교무실 책상,W1000*D600*H740,79000
교무실 칸막이4인용,(기본),550000
교무실 칸막이4인용,W2054*D1600*H1500,550000
콘센트2구 기본형,(기본),13000
콘센트2구 기본형,기구 + 타공,13000
이동서랍,(기본),72000
이동서랍,선택 품목,72000
1200테이블,(기본),147500
1200테이블,전체 / 1218*1200*1200,210000
1200테이블,1200*700*720,85000
1200장,(기본),159000
1200장,1200*270*H1500,159000
"1인 책상세트 수납장A,B포함",(기본),350000
"1인 책상세트 수납장A,B포함",사양서참조D:1300,350000
수납장 도어,(기본),12000
수납장 도어,실버기본/견적에 미포함,12000
N106 색상변경,(기본),13000
N106 색상변경,그 외 색상은 단가 동일,13000
독서등아이클 351F,(기본),59000
독서등아이클 351F,별도 / 견적에 미포함,59000
교체 책상 A형,(기본),135000
교체 책상 A형,950*620*820720,135000
교체 책상 B형 선반포함,(기본),205000
교체 책상 B형 선반포함,1200*700 / SET,205000
아이보리색 변경,(기본),26000
아이보리색 변경,기존 책상 색상 컬러,26000
멀티 콘센트,(기본),58000
멀티 콘센트,슬라이드 형,58000
사물함,(기본),52000
사물함,W400*D300*H350,32000
사물함,W400×D400×H400,55000
사물함,1칸/400*400*400/다이얼키,52000
심플 A,(기본),117500
심플 A,780*630*1200,117500
심플 C,(기본),114500
심플 C,810*600*1200,114500
스마트D2인,(기본),397500
스마트D2인,1818*800*1200,397500
스마트D3인,(기본),559000
스마트D3인,2718*800*1200,559000
아쿠아,(기본),29000
아쿠아,5T 반강화,29000
간이테이블20각,(기본),67000
간이테이블20각,800*400*740,67000
커뮤니티C-3구 콘센트,(기본),90000
커뮤니티C-3구 콘센트,기구하단이미지+타공,90000
어메니티B,(기본),295000
어메니티B,W1000*D600*H1200,295000
스마트 B1,(기본),175
스마트 B1,W900*D600/800*H1200,175
스마트 B2,(기본),185000
스마트 B2,W1000*D600/800*H1200,185000
스마트 B2,W800*D600/700*H1200 <검정다리 / 기성상판 / 백색칸막이 / 선반형>,156000
의자A,(기본),105000
의자A,루시 회전A/화이트,105000
의자B,(기본),125000
의자B,루시 틸팅 / 화이트,125000
의자C,(기본),80000
의자C,에디슨 화이트,80000
스마트D젠다이형,(기본),116000
스마트D젠다이형,1000*650*900,116000
스마트D-칸막이백색,(기본),60000
스마트D-칸막이백색,800+18T+1200/R200,60000
T자 스탠드,(기본),70000
T자 스탠드,,70000
커뮤니티C + 갓등조명,(기본),432000
커뮤니티C + 갓등조명,1600*1000*1340740,432000
커뮤니티D6 + 갓등조명,(기본),648000
커뮤니티D6 + 갓등조명,2400*1200*1340740,648000
커뮤니티D4 + 갓등조명,(기본),518000
커뮤니티D4 + 갓등조명,1600*1200*1340740,518000
지정 엣지 변경 <백색상판 + 백색다릿발 + 백색갓등T5,(기본),7000
지정 엣지 변경 <백색상판 + 백색다릿발 + 백색갓등T5,엣지 변경 옵션,7000
콘센트 2구 <커뮤니티C - 2개소 씩,(기본),13000
콘센트 2구 <커뮤니티C - 2개소 씩,기본형실버 + 타공,13000
올데이 B 단면형,(기본),211500
올데이 B 단면형,W1218*D800*H1200,211500
단면형 오픈장,(기본),108000
단면형 오픈장,W800*D270*H1200,98500
단면형 오픈장,W750+D270*H1200,108000
올데이 B 양면형,(기본),208500
올데이 B 양면형,W1218*D800*H1200,208500
양면형 끝자리 수납장,(기본),90000
양면형 끝자리 수납장,W600*D270*H1200,90000
올데이 BC22인책상,(기본),313000
올데이 BC22인책상,2인/W2418*D640*H1200,313000
올데이BC2인,(기본),132000
올데이BC2인,W800*D300*H1200,132000
올데이 BC11인책상,(기본),183000
올데이 BC11인책상,1인/W1218*D640*H1200,183000
올데이BC1인,(기본),89000
올데이BC1인,W800*D270*H1200,89000
올데이C11인,(기본),352000
올데이C11인,1인/W1168*D640*H1200,275000
올데이C11인,W800*D270*H1200,125000
올데이C11인,1388*1380600*1200740,352000
올데이C11인,1388*1300600*1200740,352000
올데이C11인,1388*1500*1200740,384000
올데이C22인,(기본),398000
올데이C22인,2인/W2318*D640*H1200,398000
올데이 C22인,(기본),132000
올데이 C22인,W800*D300*H1200,132000
올데이ㅌ,(기본),215000
올데이ㅌ,W1218*D900×H1200,215000
프라이버시C18+상부장,(기본),375000
프라이버시C18+상부장,W1200*D800600*H1200,375000
프라이버시G+상부장,(기본),598000
프라이버시G+상부장,W1050*D1600*H2200,598000
상부장 다이얼키,(기본),15000
상부장 다이얼키,수동형 다이얼키/실버형,15000
2구 콘센트전좌석,(기본),13000
2구 콘센트전좌석,기구기본형실버 + 타공,13000
다릿발 변경,(기본),6000
다릿발 변경,백색으로 변경시,6000
엣지,(기본),280000
엣지,비규격색상/추가품목,280000
엣지,,280000
ST30BFC,(기본),71636
ST30BFC,ST30 스테디/팔X/등판틸팅형/앞캐/좌판M/화이트프레임/차콜,71636
00009,(기본),350000
00009,화물비 서울 대치동,350000
00008,(기본),218182
00008,매출할인,218182
올데이C2인,(기본),578000
올데이C2인,2인/2398*640*1200,458000
올데이C2인,660*300*1200,120000
올데이C2인,2636*1400600*1200740,578000
올데이C2인,2636*1450600*1200740,578000
올데이C1인,(기본),278000
올데이C1인,1236-750-1200,278000
올데이C1인,1236*750*1200,278000
올데이C1인,750*270*1200,120000
올데이C1인,1438*1400600*1200740,352000
올데이C1인,1438*1300600*1200740,335000
올데이C끝자리수납장,(기본),105000
올데이C끝자리수납장,600*270*1200,105000
올데이수납장 반도어추가,(기본),48000
올데이수납장 반도어추가,옵션변경다이얼키프포함,48000
LED독서등,(기본),69000
LED독서등,아이클 351F,69000
옵션,(기본),6000
옵션,다릿발 색상 변경,6000
옵션,4면 라운드 가공,13500
옵션,하부 받침가로대 추가,2700
스마트B테이블+칸막이세트 연결식 칸막이,(기본),215000
스마트B테이블+칸막이세트 연결식 칸막이,전체/936*800*1200,155000
스마트B테이블+칸막이세트 연결식 칸막이,전체/886*800*1200,148000
스마트B테이블+칸막이세트 연결식 칸막이,전체/836*800*1200,275000
다릿발 백색,(기본),6000
다릿발 백색,백색으로 변경시,6000
다릿발 백색,옵션 변경,6000
루시 틸팅A 팔걸이有,(기본),119000
루시 틸팅A 팔걸이有,화이트프레임/좌판색지정,119000
2인 테이블기본형,(기본),72000
2인 테이블기본형,자작엣지/800*600*740,72000
2인 테이블기본형,800*600*740,72000
커뮤니티C멀바우+자다리,(기본),365000
커뮤니티C멀바우+자다리,테이블/2400*1200*740,365000
상판 아카시아로 변경시,(기본),20000
상판 아카시아로 변경시,단가 차감,20000
커뮤니티C자다리,(기본),345000
커뮤니티C자다리,테이블/2400*1200*740,345000
커뮤니티C멀바우+검정다리,(기본),255000
커뮤니티C멀바우+검정다리,테이블/1860*1200*740,255000
커뮤니티D66인용,(기본),530000
커뮤니티D66인용,W2400*D1200*H1340,625000
커뮤니티D66인용,테이블/2400*1200*878,435000
커뮤니티D44인용,(기본),442500
커뮤니티D44인용,W1600*D1200*H1340,510000
커뮤니티D44인용,테이블/1600*1200*878,375000
스마트BA13 단독형 1인,(기본),242000
스마트BA13 단독형 1인,W1036*D670*H1300740,242000
스마트BB13 연결형 2인,(기본),432000
스마트BB13 연결형 2인,W2054*D670*H1300740,432000
스마트BC13 연결형3인,(기본),620000
스마트BC13 연결형3인,W3072*D670*H1300740,620000
2구 기본형 콘센트,(기본),13000
2구 기본형 콘센트,기구 + 타공,13000
시디즈 의자 아이블,(기본),163000
시디즈 의자 아이블,이미지 참조,163000
스마트BC13 연결형 3인,(기본),620000
스마트BC13 연결형 3인,W3072*D670*H1300740,620000
커뮤니티A아카시아+자다리,(기본),315000
커뮤니티A아카시아+자다리,기본형2000*900*740,315000
클래식F아카상판+검정다리,(기본),99000
클래식F아카상판+검정다리,720*530*880740,99000
스마트D테이블,(기본),156500
스마트D테이블,780*600*740,156500
커뮤니티C아카시아+자다리,(기본),696000
커뮤니티C아카시아+자다리,테이블/2000*900*740,696000
클래식F아카상판+검정다리_,(기본),192200
클래식F아카상판+검정다리_,720*530*880740,167200
클래식F아카상판+검정다리_,710*530*880740,231350
스마트B10인 1SET,(기본),1480000
스마트B10인 1SET,책상규격=1000*600*740,1480000
선반추가,(기본),15000
선반추가,,15000
8층 복도 스텐딩 테이블-1,(기본),285000
8층 복도 스텐딩 테이블-1,1620*490*1050/1170,285000
8층 복도 스텐딩 테이블-2,(기본),157000
8층 복도 스텐딩 테이블-2,800*490*1050/1170,157000
7층 사무실 모니터 테이블,(기본),148000
7층 사무실 모니터 테이블,1800*600*740,148000
7층 사무실 기본형 테이블,(기본),85000
7층 사무실 기본형 테이블,1200*700*740,85000
7층 강사실 테이블-1,(기본),227000
7층 강사실 테이블-1,2100*500*740/1040,227000
7층 강사실 테이블-2,(기본),95000
7층 강사실 테이블-2,1050*500*740/1040,95000
7층 테이블,(기본),5000
7층 테이블,홀타공 + 홀캡,5000
1구+USB 콘센트,(기본),29000
1구+USB 콘센트,실버색상 + 타공비,29000
핸드폰 충전가구,(기본),260000
핸드폰 충전가구,1200*300*1000,260000
다리 백색 추가,(기본),5000
다리 백색 추가,색상 변경,5000
베네치안 TR,(기본),123500
베네치안 TR,말,123500
도장 부자재,(기본),70000
도장 부자재,식,70000
인건비,(기본),440000
인건비,인,280000
인건비,해체 및 설치비,600000
기업이윤,(기본),250000
기업이윤,식,250000
스마트B 칸막이 책상,(기본),155000
스마트B 칸막이 책상,책상/780*600*740,155000
스마트B 칸막이 책상,1000*800600*1200740,155000
다릿 색상 변경시,(기본),6000
다릿 색상 변경시,백색으로 변경시 추가단가,6000
다릿 색상 변경시,백색으로 변경시 추가적용,6000
스마트B14 칸막이 책상,(기본),235000
스마트B14 칸막이 책상,책상/780*600*740,235000
스마트B14 칸막이 책상,책상/900*600*740,235000
스마트B13 칸막이 책상,(기본),235000
스마트B13 칸막이 책상,책상/830*600*740,235000
스마트B13 칸막이 책상,책상/900*600*740,235000
다릿 색상 변경,(기본),6000
다릿 색상 변경,백색 추가적용,6000
심플D,(기본),199400
심플D,1000*600*1200740,199400
심플D,960*630*1200740,199400
비규격 오븐랙,(기본),767000
비규격 오븐랙,576*470*1908,767000
A형책장B형단가동일,(기본),384000
A형책장B형단가동일,800*420/290*2969,338000
A형책장B형단가동일,850*420/290*2969,430000
일자 독서등,(기본),29530
일자 독서등,ICLE/351F,29530
신발장,(기본),100000
신발장,W560×D300×H1550,100000
신발장,786*443*1304,215000
커뮤니티A-24,(기본),420000
커뮤니티A-24,W2400*D1200*H750,420000
커뮤니티AZ-24,(기본),280000
커뮤니티AZ-24,W2400*D1200*H750,280000
올데이B 단면형,(기본),217000
올데이B 단면형,1018*270*1200,217000
올데이B 양면형,(기본),209000
올데이B 양면형,1018*270*1200,209000
프라이버시C1+상부플립장,(기본),385000
프라이버시C1+상부플립장,920*800600*1800740,385000
프라이버시C1+상부플립장,956*800600*1800740,385000
백색다릿발,(기본),6000
백색다릿발,검정기본옵션추가,6000
의자 루시회전A,(기본),112000
의자 루시회전A,화이트/590*550*885,112000
서비스 품목1,(기본),300000
서비스 품목1,번호표 제작 및 부착,300000
프라이버시C2+상부플립장,(기본),385000
프라이버시C2+상부플립장,936*800600*1800740,385000
프라이버시C3+상부플립장,(기본),370000
프라이버시C3+상부플립장,896*800600*1800740,370000
상부 마감판,(기본),28000
상부 마감판,W800×D300,28000
상부 마감판,₩800×D300,28000
일자독서등,(기본),59000
일자독서등,ICLE / 351F,59000
클래식D,(기본),103000
클래식D,W700×D500×H880,103000
클래식D,₩700×D500×H880,103000
클래식D,700*500*880740,99000
클래식D,800*600*740,98000
클래식D,800X600X880720 <30각 블랙다리+모번상판+2구콘센트포함>,121600
클래식D,800X600X880720,111600
스마트B12,(기본),175000
스마트B12,W800*D600*H720,175000
커뮤니티C자습용4인,(기본),195000
커뮤니티C자습용4인,1600*900*740 - 테이블,195000
커뮤니티C자습용4인,1600*100*600-갓등,150000
베이직 홀타공홀캡,(기본),5000
베이직 홀타공홀캡,60파이 타공 + 캡,5000
스마트기본형,(기본),70500
스마트기본형,기본형 모양,72000
스마트기본형,700*500*1000,69000
스마트기본형,760*500*730,74000
스마트젠다이형,(기본),103000
스마트젠다이형,사양서 모양 파일이미지,103000
스마트칸막이,(기본),48000
스마트칸막이,라운드형/H1200,48000
베이직 홀타공흘캡,(기본),5000
베이직 홀타공흘캡,60파이 타공 + 캡,5000
스마트라운드칸막이,(기본),48000
스마트라운드칸막이,700*H1200/18T,48000
커뮤니티A,(기본),305000
커뮤니티A,2000*800*730,225000
커뮤니티A,1800*950*740,308000
커뮤니티A,1800*1200*740,305000
커뮤니티A,1400*1200*720,345000
젠다이책상 변경시,(기본),38000
젠다이책상 변경시,추가단가,38000
스마트 라운드 칸막이,(기본),49000
스마트 라운드 칸막이,W800*H1200 / 18T,49000
스마트 라운드 칸막이,W2800+H1200 / 18T,49000
칸막이 치수 변경시,(기본),9000
칸막이 치수 변경시,W900*H1200 / 18T,9000
베이직철재다리X,(기본),120000
베이직철재다리X,W1000*D600*H1000740,120000
스퀘어조명독서등,(기본),59000
스퀘어조명독서등,아이클 / 351F,59000
와이드 2인용,(기본),178000
와이드 2인용,W1200*D400*H740,178000
와이드 2인용,W1200*D400*H740 <기성상판18T + 백색다리30각>,178000
피스타공,(기본),4000
피스타공,추가내역12개의 테이블,4000
2인자습실 칸막이책상,(기본),138000
2인자습실 칸막이책상,W1300*D450*H,138000
배송 및 설치,(기본),280000
배송 및 설치,,280000
BAR테이블,(기본),110000
BAR테이블,W1050*D450*H900,110000
회의용 테이블 A,(기본),285000
회의용 테이블 A,2200*1100*750,285000
회의용 테이블 B,(기본),114000
회의용 테이블 B,1500*600*750,114000
회의용 테이블 C,(기본),65000
회의용 테이블 C,600*600*750,65000
올데이BC12 2인책상,(기본),320000
올데이BC12 2인책상,W2100*D600*H1200,320000
올데이BC12 양면수납장,(기본),136000
올데이BC12 양면수납장,W800*D300*H1200,136000
올데이BA12 벽면형책상,(기본),215000
올데이BA12 벽면형책상,W1100*D600*H1200,215000
올데이B12 벽면수납장,(기본),119000
올데이B12 벽면수납장,W800*D250*H1200,119000
심플A 유리포함,(기본),152600
심플A 유리포함,800*600*1200740,152600
심플B 유리포함,(기본),109200
심플B 유리포함,800*600*1200740,109200
심플C 유리포함,(기본),147000
심플C 유리포함,800*600*1200740,147000
심플D 유리포함,(기본),188500
심플D 유리포함,800*600*1200740,188500
1번품목,(기본),163000
1번품목,사양서 규격,163000
2번 품목,(기본),66000
2번 품목,사양서 규격,66000
3번 품목,(기본),78000
3번 품목,사양서 규격,78000
4번 품목,(기본),40000
4번 품목,사양서 규격/18T,40000
5번 품목,(기본),73000
5번 품목,사양서 규격/정형,66000
5번 품목,사양서 규격/비정형,80000
6번 품목,(기본),358000
6번 품목,사양서 규격,358000
7-1번 품목,(기본),148000
7-1번 품목,사양서 규격/넉다운,148000
7-2번 품목,(기본),153000
7-2번 품목,사양서 규격/넉다운,153000
7-3번 품목,(기본),142000
7-3번 품목,사양서 규격/넉다운,142000
8번 품목,(기본),286000
8번 품목,사양서 규격,286000
9번 품목,(기본),110000
9번 품목,사양서 규격,110000
10-1번,(기본),57000
10-1번,사양서 규격,57000
10-2번,(기본),69000
10-2번,사양서 규격,69000
스마트책상기본형,(기본),72000
스마트책상기본형,W800*D600*H740,72000
와이드책상 700,(기본),60400
와이드책상 700,700*500*730,60400
와이드책상 650,(기본),60400
와이드책상 650,650*500*730,60400
와이드,(기본),13600
와이드,가공비 옵션 추가,13600
강의실,(기본),225000
강의실,1400*740*1200,225000
강의실,1300*740*1200,225000
3층,(기본),79000
3층,기본형900*600*740,79000
상담실 테이블,(기본),219000
상담실 테이블,기본형1800*1000*740,219000
3구+USB 콘센트,(기본),75600
3구+USB 콘센트,BID-2003M / 지정색상,75600
스마트BA12,(기본),198000
스마트BA12,918900*750550*1200,198000
스마트BB12,(기본),175000
스마트BB12,918900*750550*1200,175000
"올데이BA1,2 단면수납장",(기본),105000
"올데이BA1,2 단면수납장",750*270*1200,105000
올데이BB1 책상겸수납장,(기본),215000
올데이BB1 책상겸수납장,양면형/1218*700*1200,215000
올데이BB2 책상겸수납장,(기본),215000
올데이BB2 책상겸수납장,양면형/1168*700*1200,215000
올데이BB 책상겸수납장,(기본),215000
올데이BB 책상겸수납장,양면형/1218*700*1200,215000
클래식B 백색다리+모번,(기본),124000
클래식B 백색다리+모번,1000*630*880740,124000
스마트D 젠다이 책상,(기본),109000
스마트D 젠다이 책상,1000*650*860740,109000
스마트B 전체,(기본),159000
스마트B 전체,연결형/1018*800*1200,159000
프라이버시D측면도어,(기본),615000
프라이버시D측면도어,전체/1100*1600*1900,615000
스마트B 전체 스마트B 책상,(기본),159000
스마트B 전체 스마트B 책상,연결형/1018*800*1200,159000
프라이버시D측면도어 프라이버시D책상,(기본),615000
프라이버시D측면도어 프라이버시D책상,전체/1100*1600*1900,615000
올데이 E1 책상_수납장,(기본),223000
올데이 E1 책상_수납장,좌형/1385*540*1420,223000
올데이 E2 책상_수납장,(기본),223000
올데이 E2 책상_수납장,좌형/1335*540*1420,223000
올데이 E4 책상_수납장,(기본),209000
올데이 E4 책상_수납장,좌형/1210*540*1420,209000
올데이 E5 책상_수납장,(기본),223000
올데이 E5 책상_수납장,우형/1350*540*1420,223000
올데이BC22인세트,(기본),425000
올데이BC22인세트,2050*1418*1200740,425000
올데이BC11인세트,(기본),305000
올데이BC11인세트,1150*1418*1200740,305000
올데이EA책상+수납장,(기본),209000
올데이EA책상+수납장,2번실 1218*540*1795,209000
올데이EB책상+수납장,(기본),235000
올데이EB책상+수납장,"1,3번실 1218*640*1795",235000
라운드테이블반원,(기본),250000
라운드테이블반원,1800*700*530,250000
라운드테이블반원,1800*800*740,250000
라운트테이블코너,(기본),160000
라운트테이블코너,700*700*530 / R350,160000
라운트테이블코너,800*800*740 / R400,160000
교탁하부서랍형,(기본),393000
교탁하부서랍형,W900*D650*H1070,393000
강연대A형,(기본),170000
강연대A형,W550*D500*H1200,170000
강연대 B형,(기본),570000
강연대 B형,W700*D500*H1122,570000
강연대 C형,(기본),270000
강연대 C형,W780*D630*H1220,270000
강연대모번색상,(기본),170000
강연대모번색상,W550*D500*H1200,170000
신발장상부쿠션,(기본),215000
신발장상부쿠션,W1000*D450*H450,215000
스마트 D,(기본),50000
스마트 D,D800×H1200,50000
T자 조명등,(기본),63000
T자 조명등,ICLE/PHX-007D,63000
스마트E 3인석,(기본),497000
스마트E 3인석,W3072*D900*H1200,497000
스마트B 2인석,(기본),394000
스마트B 2인석,W1954*D800*H1200,394000
의자센소로라,(기본),74000
의자센소로라,W520*D540*H820,74000
스마트ㅌ 3인석,(기본),497000
스마트ㅌ 3인석,W3072*D900*H1200,497000
클래식C 사선 라운드,(기본),2700
클래식C 사선 라운드,변경시 / 추가단가분,2700
클래식C 상판전체18T,(기본),83600
클래식C 상판전체18T,800*600*870730,83600
클래식C 상판전체18T <클래식C콘센트없음 : 상판 네츄럴월넛 + 다리 검정>,(기본),83600
클래식C 상판전체18T <클래식C콘센트없음 : 상판 네츄럴월넛 + 다리 검정>,800*600*870730,83600
철제 프레임A,(기본),100000
철제 프레임A,30각 / 400*2000,100000
철제 프레임B,(기본),43000
철제 프레임B,30각 / 400*1200,43000
BAR 테이블 다릿발,(기본),195000
BAR 테이블 다릿발,50각 /2000*400*930,189500
BAR 테이블 다릿발,40각 /2000*400*930,195000
백색으로 변경시,(기본),6000
백색으로 변경시,검정기본 추가단가,6000
끝자리 오픈장,(기본),98000
끝자리 오픈장,W600*D270*H1200,98000
올데이BT양면형,(기본),315000
올데이BT양면형,W2218+D636*1200,315000
올데이 BT-양면 오픈장,(기본),175000
올데이 BT-양면 오픈장,W900*D300*H1200,175000
1번테이블,(기본),91000
1번테이블,1200*500*740/840,91000
2번테이블홀타공,(기본),148000
2번테이블홀타공,1800*600*740,148000
3번테이블-1,(기본),193000
3번테이블-1,1450*400*1050/1130,193000
3번테이블-2,(기본),264000
3번테이블-2,2140*400*1050/1130,264000
4번테이블,(기본),264000
4번테이블,2180*400*1050/1130,264000
5번테이블-1,(기본),200000
5번테이블-1,1460*490*1050/1130,200000
5번테이블-2,(기본),271000
5번테이블-2,2180*490*1050/1130,271000
잇올A형칸막이책상,(기본),192500
잇올A형칸막이책상,W1050*D800*H1200,192500
잇올A형상부플립장,(기본),98000
잇올A형상부플립장,W1086+D300*H600,98000
올데이B양면형 책상규격,(기본),219000
올데이B양면형 책상규격,W1218+D1400*H1200\NW1200970*D600*H720,219000
이성칼라백색or연그레이 + 회색다릿발 기준\n2구 콘센트,(기본),10000
이성칼라백색or연그레이 + 회색다릿발 기준\n2구 콘센트,기구 + 타공,10000
다이얼키선택품목,(기본),20000
다이얼키선택품목,기본형 다이얼,20000
올데이B벽면형 책상규격,(기본),345000
올데이B벽면형 책상규격,W1218+D1400*H1200,345000
이성칼라백색or연그레이 + 회색다릿발 기준,(기본),10000
이성칼라백색or연그레이 + 회색다릿발 기준,기구 + 타공,10000
올데이B벽면형,(기본),345000
올데이B벽면형,W1218+D1400*H1200,345000
올데이B벽면형,800*1150*1200/740,238000
프라이버시D도어,(기본),598000
프라이버시D도어,1050*1550*1900,598000
프라이버시D도어,1000*1550600*1900 740,592000
스마트B중앙,(기본),158000
스마트B중앙,918*800600*1200,158000
스마트B벽면,(기본),185000
스마트B벽면,918*800600*1200,185000
커뮤니티AZ6인,(기본),195000
커뮤니티AZ6인,1800*900*740,195000
심플E16,(기본),119000
심플E16,1600*500*740,119000
심플E24,(기본),176000
심플E24,2400*500*740,176000
젠다이테이블E16,(기본),210000
젠다이테이블E16,1600*600*860740,210000
젠다이테이블E24,(기본),240000
젠다이테이블E24,2400*600*860740,240000
프라이버시B오픈선반형 프라이버시,(기본),335000
프라이버시B오픈선반형 프라이버시,W990/950*D900*H1800,335000
스마트BT벽면콘센트,(기본),219000
스마트BT벽면콘센트,918*800600*1200,219000
스탠딩 1000,(기본),139000
스탠딩 1000,1200*500*1000,139000
BIS 콘센트 3구+ USB,(기본),72000
BIS 콘센트 3구+ USB,BIS 2003M / 지정색상,72000
BIS 콘센트 3구+ USB,BIS 2003M / 실버,72000
프라이버시B오픈선반형,(기본),335000
프라이버시B오픈선반형,W990/950*D900*H1800,335000
프라이버시B오픈선반형-R,(기본),335000
프라이버시B오픈선반형-R,W990/950*D900*H1800,335000
스마트BT벽면콘센트-R,(기본),219000
스마트BT벽면콘센트-R,918*800600*1200,219000
스마트BT벽면콘센트-N105,(기본),240000
스마트BT벽면콘센트-N105,918*800600*1200,240000
스마트D젠다이형-R,(기본),115000
스마트D젠다이형-R,테이블/900*650*860740,115000
커뮤니티B4인용-R,(기본),395000
커뮤니티B4인용-R,1600*1200*740,395000
커뮤니티B4인용-N105,(기본),435000
커뮤니티B4인용-N105,1600*1200*740,435000
젠다이테이블E16-R,(기본),210000
젠다이테이블E16-R,1600*600*860740,210000
스탠딩 1000-R,(기본),139000
스탠딩 1000-R,1200*600*1000,139000
신발장 70칸1칸당 규격,(기본),48000
신발장 70칸1칸당 규격,300*300*300/수동다이얼키,48000
신발장 70칸1칸당 규격,300*300*300/키없음,117000
사물함 10칸1칸당 규격,(기본),59000
사물함 10칸1칸당 규격,350*400*400/수동다이얼키,59000
사물함 10칸1칸당 규격,350*400*400/에보전자키,117000
좌우 측면마감판신발장만,(기본),52000
좌우 측면마감판신발장만,추가 치수 18T/1장,52000
엣지N105,(기본),280000
엣지N105,비규격 색상 / 추가 품목,280000
BIS 회전콘센트2구+USB,(기본),72000
BIS 회전콘센트2구+USB,BIS 202M/실버 스탠딩T,72000
BIS 고정콘센트 3구+USB,(기본),36000
BIS 고정콘센트 3구+USB,BIS 2003M/실버커뮤니티T,36000
추가상판,(기본),39000
추가상판,900*600/23T,39000
올데이C,(기본),59000
올데이C,독서등/아이클351F,59000
올데이C,600*300*1200,133000
올데이C,738720*520500*1200,138000
올데이C,아이클 351F,59000
올데이C,기본형2구실버 + 타공,13000
프라이버시C+상부플립장,(기본),385000
프라이버시C+상부플립장,1036*800*1800,385000
커뮤니티D1,(기본),655000
커뮤니티D1,₩2400*D1200*H1470,655000
커뮤니티 D2,(기본),485000
커뮤니티 D2,₩1600*D1200*H1 470,485000
커뮤니티A16 철판 無,(기본),205000
커뮤니티A16 철판 無,W1600*D1200*H740,205000
커뮤니티A24 철판 無,(기본),245000
커뮤니티A24 철판 無,W2400*D1200*H740,245000
2인 젠다이 테이블,(기본),265500
2인 젠다이 테이블,1600*550*860,265500
1인 젠다이 테이블,(기본),150500
1인 젠다이 테이블,800*550*860,150500
3인 바테이블,(기본),350000
3인 바테이블,2100*500*1000,350000
2인 바테이블,(기본),249000
2인 바테이블,1400*500*1000,249000
1인 바테이블,(기본),178000
1인 바테이블,700*500*1000,178000
스마트C1,(기본),218000
스마트C1,W1176*D800*H1200,218000
스마트C1,1176*D800*H1200,221250
스마트C1,₩1018*D800*H1200,218000
스마트C2,(기본),218000
스마트C2,W1018*D800*H1200,218000
스마트C2,W998*D800*H1200,221250
스마트C2,W1018+D770*H1200,218000
스마트C2,W998*D770*H1200,221250
스마트C2,W968+D770*H1200,221250
스마트C2,W1018*D770*H1200,224500
스마트C2,1018*D770*H1200,218000
스마트C3,(기본),218000
스마트C3,W968*D770*H1200,218000
커뮤니티C6 갓등없음,(기본),329000
커뮤니티C6 갓등없음,W2400*D1200*H740,329000
커뮤니티C6 갓등없음,W2400*D1300*H740,329000
스마트C,(기본),227000
스마트C,W968*D750*H1200,218000
스마트C,W918*D800*H1200,236000
커뮤니티 A6,(기본),270000
커뮤니티 A6,W2400*D1200*H740,270000
실리콘 작업비,(기본),650000
실리콘 작업비,,650000
프라이버시 다이얼키,(기본),20000
프라이버시 다이얼키,번호키/기본형,20000
프라이버시 독서등,(기본),59000
프라이버시 독서등,아이클/351F,59000
1인형책상+칸막이+상부장,(기본),325000
1인형책상+칸막이+상부장,1036*840600*1854740,325000
1인형 책상,(기본),59000
1인형 책상,아이클 351F,59000
다이얼키 이미지참조,(기본),20000
다이얼키 이미지참조,타공비 포함,20000
백색다리 기본은 검정,(기본),6000
백색다리 기본은 검정,색상 변경시,6000
사물함5칸X3열,(기본),52000
사물함5칸X3열,1칸/400*400*400/다이얼키,52000
스마트D젠다이형테이블,(기본),109000
스마트D젠다이형테이블,800*600*H860740,109000
스마트D조명,(기본),69000
스마트D조명,아이클 PHX-004대,69000
스마트D조명,아이클 PHX-004大,69000
스마트B조명,(기본),59000
스마트B조명,아이클 351F,59000
와이드 책상기본형,(기본),57900
와이드 책상기본형,700*500*750H,57900
옵션추가 1,(기본),5000
옵션추가 1,다리백색,5000
옵션추가 2,(기본),15000
옵션추가 2,4코너 라운드 가공,15000
옵션추가 3,(기본),3000
옵션추가 3,발받침,3000
마이너스 옵션 4,(기본),2600
마이너스 옵션 4,600*400*750/치수변경,2600
커뮤니티AZ기본형6인,(기본),263000
커뮤니티AZ기본형6인,2000*1000*740,263000
커뮤니티AZ기본형4인,(기본),159000
커뮤니티AZ기본형4인,1400*1000*740,159000
커뮤니티,(기본),10000
커뮤니티,기본형실버+타공비,10000
심플E 600,(기본),70000
심플E 600,600*600*740/3인치평판다리,70000
심플E 1200,(기본),79000
심플E 1200,1200*600*740/기본형다리,79000
사물함 백색+다이얼키,(기본),56000
사물함 백색+다이얼키,1칸/400*400*400,56000
맥스의자,(기본),29700
맥스의자,"블랙,베이지,카키, 블루, 아이보리",29700
맥스의자,"블랙,베이지,카키,블루, 아이보리",29700
바의자,(기본),72000
바의자,"타임바베이지,그레이,커피",72000
스마트D젠다이 테이블,(기본),109000
스마트D젠다이 테이블,975 실측필요*650*860740,109000
스마트D젠다이 테이블,990*650*860740,109000
젠다이 심플B,(기본),132000
젠다이 심플B,995*650*1200740,132000
젠다이 심플C,(기본),170000
젠다이 심플C,1020*650*1200740,170000
콘센트 2구,(기본),13000
콘센트 2구,기본형실버 + 타공,13000
사물함 + 다이얼키포함,(기본),56000
사물함 + 다이얼키포함,1칸/400*400*400,56000
스마트B 3인용,(기본),687000
스마트B 3인용,W3072XD800×H1500,687000
독서등,(기본),59000
독서등,ICLE / 351F,59000
독서등,LED / ICLE 351F,59000
독서등,아이클 131F,33000
독서등,아이클131F,33000
스마트B 2인용,(기본),498000
스마트B 2인용,W2054×D800×H1500,498000
스마트B 1인용,(기본),269000
스마트B 1인용,W1036×D800×H1500,269000
콘센트 추가,(기본),8000
콘센트 추가,2구기본형 + 타공,8000
프라이버B선반형,(기본),288000
프라이버B선반형,전체W936*D800*H1800,288000
프라이버시 B테이블,(기본),59000
프라이버시 B테이블,책상규격/900*600*740,59000
2구콘센트상판매입,(기본),132500
2구콘센트상판매입,기본형실버+타공,132500
프라이버C상부플립장,(기본),389000
프라이버C상부플립장,전체W936*D800*H1800,389000
프라이버시 C테이블,(기본),59000
프라이버시 C테이블,책상규격/900*600*740,59000
어드밴스B,(기본),132000
어드밴스B,W730XD500×H1200740,132000
어드밴스C,(기본),174000
어드밴스C,W730×D500×H1200740,174000
우라판,(기본),24000
우라판,,24000
가방걸이,(기본),2000
가방걸이,,2000
추가칸막이,(기본),98000
추가칸막이,2336*300,98000
올데이ㅌ전체 전면 수납장,(기본),315000
올데이ㅌ전체 전면 수납장,W1018+D850*H1400,315000
클래식 A 1인,(기본),108000
클래식 A 1인,W800*D500*H880,108000
돼지코작업,(기본),15000
돼지코작업,요청시선택사항,15000
와이드 800 기본형,(기본),63000
와이드 800 기본형,800*600*740높이변경가능,63000
세븐체어,(기본),32300
세븐체어,블랙색상재고 있음,32300
커뮤니티D20,(기본),568000
커뮤니티D20,갓등포함/2000*1200*1340,568000
커뮤니티 깊이 치수 변경 추가단가,(기본),50000
커뮤니티 깊이 치수 변경 추가단가,W1200 -> W1316,50000
커뮤니티 깊이 치수 변경 추가단가,D1200-> D1316,50000
심플A좌,(기본),163500
심플A좌,930*630*1200740,163500
1번 테이블,(기본),125000
1번 테이블,1200*800*740,125000
2번 테이블,(기본),107000
2번 테이블,1200*400*950,98000
2번 테이블,1300*400*950,116000
젠다이 심플 테이블,(기본),178000
젠다이 심플 테이블,양날개/700*500*1138,178000
클래식C낮은칸막이,(기본),83600
클래식C낮은칸막이,700*500*860720,83600
클래식 콘센트,(기본),13000
클래식 콘센트,상판 타공,13000
양중비,(기본),180000
양중비,추가내용,180000
다릿발 백색 변경시,(기본),6000
다릿발 백색 변경시,옵션 변경시,6000
18T 백색 칸막이,(기본),49000
18T 백색 칸막이,W800*H1150 / 18T,49000
홀타공 홀캡포함,(기본),5000
홀타공 홀캡포함,-,5000
커뮤니티C21 6인용,(기본),395000
커뮤니티C21 6인용,W2100*D1200*H1340,395000
상판 색상 변경시,(기본),25000
상판 색상 변경시,옵션 변경 / 추가 단가 < 기본색상상판 +검정색다리 + 갓등 포함>,25000
상판 색상 변경시,옵션 변경 / 추가 단가,25000
커뮤니티D21 6인용,(기본),565000
커뮤니티D21 6인용,W2100*D1200*H1340,565000
올데이 BC11인,(기본),193000
올데이 BC11인,1218*640*1200,198000
올데이 BC11인,800*300*1200,150000
올데이 BC22인,(기본),233500
올데이 BC22인,2418*640*1200,298000
올데이 BC22인,800*300*1200,174000
올데이BC11인,(기본),163000
올데이BC11인,800*300*1200,163000
D.C 현금가,(기본),69000
D.C 현금가,계좌이체시세금계산서 발행,69000
스마트D젠다이형책상,(기본),109000
스마트D젠다이형책상,1000*650*860740,109000
스마트B기본형+칸막이,(기본),178000
스마트B기본형+칸막이,책상/1000*600*740,178000
커뮤니티A44인용,(기본),159000
커뮤니티A44인용,1400*1000*740,159000
커뮤니티A64인용,(기본),263000
커뮤니티A64인용,2000*1000*740,263000
상담실테이블,(기본),129000
상담실테이블,1100*800*740,129000
백색 사물함1열,(기본),205000
백색 사물함1열,사양서 참조 이미지=1조,205000
멀티콘센트3구+USB,(기본),87000
멀티콘센트3구+USB,BIS/BID-2003M + 타공비,87000
멀티콘센트2구+USB,(기본),74000
멀티콘센트2구+USB,BIS /BID-2002M + 타공비,74000
ST30 스테디,(기본),71636
ST30 스테디,/ST30BFCWHM/GY,71636
화물비 서울 대치동,(기본),120000
화물비 서울 대치동,00009,120000
매출할인,(기본),27273
매출할인,00008,27273
스마트BA연결형 테이블,(기본),157000
스마트BA연결형 테이블,W918900*D800600*H1200,157000
스마트B1연결형 테이블,(기본),158000
스마트B1연결형 테이블,W818800*D800600*H1200,158000
스마트B2연결형 테이블,(기본),158000
스마트B2연결형 테이블,W793755*D800600*H1200,158000
다릿발 검정으로 변경시,(기본),6000
다릿발 검정으로 변경시,이 견적은 백색다리 견적임,6000
상판 색상 비기성 변경시,(기본),8000
상판 색상 비기성 변경시,사양서 참조추가단가 색상경우,8000
칸막이 색상 비기성 변경시,(기본),21000
칸막이 색상 비기성 변경시,사양서 참조추가단가 색상경우,21000
스마트B연결형 테이블,(기본),163000
스마트B연결형 테이블,W918900*D800600*H1200,163000
올데이B중앙형,(기본),230000
올데이B중앙형,700*1150*1200/740,230000
올데이ㅌ벽면형,(기본),210000
올데이ㅌ벽면형,800*1150*1200/740,210000
스탠딩책상비규격,(기본),84000
스탠딩책상비규격,W400*D600*H1150,84000
스탠딩책상비규격,W400*D600*H1100,84000
올데이BA벽면1인석,(기본),215000
올데이BA벽면1인석,1115*700*1200,215000
올데이BA벽면수납장-도어,(기본),133000
올데이BA벽면수납장-도어,800*300*1200,133000
올데이BB벽면2인석,(기본),321000
올데이BB벽면2인석,1115*700*1200,321000
올데이BB벽면수납장-도어,(기본),189000
올데이BB벽면수납장-도어,800*300*1200,189000
2구콘센트,(기본),10000
2구콘센트,기본형실버+타공비,10000
올데이BA1벽면,(기본),215000
올데이BA1벽면,1218*1400*1200,215000
올데이BA2벽면,(기본),215000
올데이BA2벽면,1168*1400*1200,215000
"올데이BA1,2 벽면수납장",(기본),98000
"올데이BA1,2 벽면수납장",공통 / 700*270*1200,98000
프라이버시B1,(기본),298000
프라이버시B1,1036*800600*1800740,298000
프라이버시B2,(기본),298000
프라이버시B2,1136*800600*1800740,298000
프라이버시B2,1086*800600*1800740,298000
먹거리 테이블A,(기본),86000
먹거리 테이블A,1200*370*830730,86000
먹거리 테이블B,(기본),118000
먹거리 테이블B,1500/1560*370*830730,118000
먹거리 테이블C,(기본),138000
먹거리 테이블C,1680*370*830730,138000
먹거리 테이블D,(기본),143000
먹거리 테이블D,1700*370*830730,143000
프라이버시B3,(기본),298000
프라이버시B3,1136*800600*1800740,298000
올데이ㅌ 3단,(기본),220000
올데이ㅌ 3단,1068*850600*1200,220000
40각테이블,(기본),119000
40각테이블,1600*800*740,119000
효산컬러변경시,(기본),10000
효산컬러변경시,,10000
달리컬러변경시,(기본),200000
달리컬러변경시,도장추가,200000
심플ㅌ,(기본),66000
심플ㅌ,W800*D550*H720,64000
심플ㅌ,W1200*D600*H740,66000
심플ㅌ,W900*D550*H720,66000
심플ㅌ,W800*D800*H740,69000
100T 칸막이,(기본),176000
100T 칸막이,W1300*H1200/100T,176000
올데이1인,(기본),167676
올데이1인,1438*1400600*1200740,352
올데이1인,1438*1300600*1200740,335000
2단 사물함 2인용,(기본),185000
2단 사물함 2인용,700*300320*850,185000
도어추가,(기본),38000
도어추가,하부장 반도어 / 잠금 없음,38000
2번좌석 수납장 크기 변경,(기본),32000
2번좌석 수납장 크기 변경,W970,32000
옷장 추가,(기본),110000
옷장 추가,250*550*1200,110000
올데이C22인세트,(기본),560000
올데이C22인세트,2970*1500*1200740,560000
추가 수납장,(기본),137000
추가 수납장,우측 코너 배치 / W900,137000
측판 길이 추가,(기본),18000
측판 길이 추가,W1000 / 입구 앞좌석,18000
올데이C1,(기본),59000
올데이C1,독서등/아이클351F,59000
올데이C2,(기본),69000
올데이C2,스탠드/아이클PHX-004,69000
올데이C111인,(기본),389000
올데이C111인,1488*1500*1200740,389000
올데이C121인,(기본),384000
올데이C121인,1388*1500*1200740,384000
도어추가높이추가,(기본),38000
도어추가높이추가,반도어 / 잠금 없음단가동일,38000
강의실테이블기본형,(기본),87500
강의실테이블기본형,1200*500*740,75000
강의실테이블기본형,1300*500*740,100000
가림판 추가W1200책상,(기본),21000
가림판 추가W1200책상,사양서 참조 / 18T,21000
가림판 추가W1300책상,(기본),28000
가림판 추가W1300책상,사양서 참조 / 18T,28000
상판 콘센트 돼지코 마감,(기본),13000
상판 콘센트 돼지코 마감,기본형2구실버 + 타공,13000
베이직A - 책상,(기본),106700
베이직A - 책상,W700*D500*H1000740,106700
자습실책상,(기본),110000
자습실책상,700*500*1100,110000
4인용책상,(기본),150000
4인용책상,1500*800,150000
창가테이블,(기본),100000
창가테이블,1000*400,100000
원장님책상,(기본),60000
원장님책상,1000*500,60000
세팅비,(기본),300000
세팅비,,300000
심플조합책상6인,(기본),1050000
심플조합책상6인,W2730*D1200*H1200,1050000
LED 스탠드대,(기본),69000
LED 스탠드대,아이클 / PHX-004,69000
스마트 칸막이세트 기본형테이블형,(기본),185
스마트 칸막이세트 기본형테이블형,전체/W1036*D800*H1200,185
스마트A 칸막이세트 기본형테이블형,(기본),185000
스마트A 칸막이세트 기본형테이블형,전체/W1036*D800*H1200,185000
2번존,(기본),295000
2번존,스마트 A H1400측판800,295000
3번존,(기본),250000
3번존,스마트 A H1400측판800,250000
4번존우라판,(기본),225000
4번존우라판,스마트 D젠다이 H1200,225000
5번존유리파티션,(기본),299000
5번존유리파티션,스마트 C 1200측판800,299000
6번존,(기본),250000
6번존,스마트 A1400측판800,250000
8번존,(기본),250000
8번존,스탠딩어드밴스,250000
에코 LED,(기본),65000
에코 LED,,65000
전기,(기본),300000
전기,전기인건비,300000
프라이버시F선반포함,(기본),385000
프라이버시F선반포함,W*D600/800*H1800,385000
프라이버시F,(기본),115000
프라이버시F,W*D300*H350,115000
커뮤니티C갓등,(기본),475000
커뮤니티C갓등,W2400*D1200*H740/1340,475000
젠다이 테이블 변경시,(기본),36000
젠다이 테이블 변경시,기본형에 추가 단가,36000
다릿발 색상 변경시,(기본),6000
다릿발 색상 변경시,검정을 화이트로 변경시,6000
스마트D중간판,(기본),42000
스마트D중간판,W800*H1200/18T,42000
기본테이블,(기본),77000
기본테이블,W1000*D600*H740,77000
상부장오픈+플립도어형,(기본),150000
상부장오픈+플립도어형,W1000*D300*H720,150000
조명3색 독서등,(기본),59000
조명3색 독서등,아이클 351F,59000
2구 콘센트기본사양,(기본),8000
2구 콘센트기본사양,타공 + 기구매입,8000
NEGO,(기본),46000
NEGO,,46000
클래식C 로 변경시,(기본),2700
클래식C 로 변경시,추가단가,2700
창가스마트D,(기본),103000
창가스마트D,1000*650600*860740,103000
지그재그스마트A,(기본),185000
지그재그스마트A,1018*800600*1200740,155000
지그재그스마트A,1700*100T*1200H,215000
하단벽스마트B15,(기본),235000
하단벽스마트B15,1036*1000600*1200740,235000
"스마트A,B 조명",(기본),59000
"스마트A,B 조명",아이클 351F,59000
창가집중프라이버시G,(기본),528000
창가집중프라이버시G,1090*1600*2200,528000
하단벽프라이버시B,(기본),328000
하단벽프라이버시B,1036*900600*1200740,328000
"프라이버B,G 조명",(기본),59000
"프라이버B,G 조명",아이클 351F,59000
기둥벽커뮤니티D+갓등조명,(기본),605000
기둥벽커뮤니티D+갓등조명,2000*1200*1340740,605000
룸커뮤니티AZ,(기본),150000
룸커뮤니티AZ,1600*900*740,150000
랩탑실클래식B,(기본),124000
랩탑실클래식B,900*650600*880740,124000
룸 BIS 회전콘센트,(기본),65000
룸 BIS 회전콘센트,빌트인/2구+USB/상판매입,65000
사물함다이얼키 포함,(기본),56000
사물함다이얼키 포함,1칸규격 / 400*400*400,56000
심플ㅌ1000,(기본),69000
심플ㅌ1000,1000*600*740,69000
백색 다릿발 변경,(기본),6000
백색 다릿발 변경,옵션 변경,6000
교사용 책상,(기본),9750
교사용 책상,다릿발 백색으로 변경시,6500
교사용 책상,콘센트2구/실버 / 기구+타공,13000
커뮤니티DA8,(기본),210000
커뮤니티DA8,갓등포함/800*658*1340,210000
커뮤니티DA16,(기본),326000
커뮤니티DA16,갓등포함/1600*658*1340,326000
커뮤니티DA24,(기본),475000
커뮤니티DA24,갓등포함/2400*658*1340,475000
커뮤니티DB16,(기본),495000
커뮤니티DB16,갓등포함/1600*1200*1340,495000
커뮤니티DB24,(기본),595000
커뮤니티DB24,갓등포함/2400*1200*1340,595000
커뮤니티DC24,(기본),595000
커뮤니티DC24,갓등포함/2400*1100*1340,595000
커뮤니티 DA16,(기본),336000
커뮤니티 DA16,갓등포함/1600*658*1340,336000
커뮤니티 DA24,(기본),480000
커뮤니티 DA24,갓등포함/2400*658*1340,480000
1인기본형 와이드책상,(기본),52000
1인기본형 와이드책상,검정다리/600*400*740,52000
3인수강용 테이블,(기본),160000
3인수강용 테이블,1700*400*740,160000
심플,(기본),69000
심플,심플W*H1200/18T,69000
선생님 바테이블,(기본),310000
선생님 바테이블,1000*600*1050,310000
강의실 교탁,(기본),210000
강의실 교탁,650*450*1100,210000
홀타공 + 흘캡,(기본),5000
홀타공 + 흘캡,홀타공 + 커버,5000
2구 콘센트 심플만,(기본),13000
2구 콘센트 심플만,기구 + 타공상판,13000
프라이버시D 칸막이전체,(기본),595000
프라이버시D 칸막이전체,좌+우1200*1600*1900,595000
프라이버시D 칸막이전체,"좌+우1200*1600*1900, 1162*600*740",595000
스마트A 기역자 칸막이책상,(기본),149000
스마트A 기역자 칸막이책상,1200*800600*1200740,149000
스마트A,(기본),950000
스마트A,T형 배치 구조사양서 참조,950000
스마트A,W800*D600*H720/1200,143000
스마트D 책상+후판,(기본),88000
스마트D 책상+후판,1200*600*740,88000
스마트D 라운드칸막이,(기본),55000
스마트D 라운드칸막이,900*1200/18T,55000
소파석 W:1000,(기본),458500
소파석 W:1000,사양서 이미지 참조,458500
스마트B14,(기본),235000
스마트B14,1000*800600*1400740,235000
양면 철재 서가 중앙,(기본),792000
양면 철재 서가 중앙,1000*600*2300,792000
단면 철재 서가 벽면,(기본),594000
단면 철재 서가 벽면,1000*400*2300,594000
단면목재서가,(기본),195000
단면목재서가,후판3T 700/750*350*2300,195000
양쪽 측면 마감판중앙배치,(기본),70000
양쪽 측면 마감판중앙배치,W700*H2300/18T,70000
스태드,(기본),63000
스태드,LED / 007D小,63000
스마트D2 연결형,(기본),187000
스마트D2 연결형,W818*D750*H1200,187000
LED 스탠드,(기본),63000
LED 스탠드,ICLE / PHX 007소,63000
스마트D1연결형,(기본),137000
스마트D1연결형,W818*D750*H1200,137000
어셈블BB칸막이책상,(기본),121450
어셈블BB칸막이책상,W950*D600*H1200,121450
어셈블BC칸막이책상,(기본),159250
어셈블BC칸막이책상,W980*D600*H1200,159250
어셈블B,(기본),195000
어셈블B,W1000*D50*H1200,195000
스마트D젠다이책상,(기본),110500
스마트D젠다이책상,W1000*D650*H860,110500
스마트D - 스탠드조명,(기본),69000
스마트D - 스탠드조명,PHX-004D화이트,69000
랩실 외날개 좌,(기본),149000
랩실 외날개 좌,W860*D600*H1200,149000
랩실외날개 무,(기본),149000
랩실외날개 무,W860*D600*H1200,149000
클래식 C,(기본),100000
클래식 C,W700×D500×H880740,100000
프라이버시01,(기본),78000
프라이버시01,1200-0700-H740,78000
프라이버시미,(기본),490000
프라이버시미,1200-01550-H1900,143000
프라이버시미,1236-01550-H1900,497500
프라이버시미,1100-01550-H1900,143000
프라이버시미,1136-01550-H1900,505000
프라이버시이,(기본),78000
프라이버시이,1100-D700-H740,78000
프라이버시2,(기본),78000
프라이버시2,1200-D700-H740,78000
프라이버시D2,(기본),86000
프라이버시D2,650-0300-H670,86000
T자형 독서등,(기본),65000
T자형 독서등,,65000
100T 칸막이A,(기본),210000
100T 칸막이A,1330*100T*1200,210000
100T 칸막이B,(기본),210000
100T 칸막이B,1300*100T*1200,210000
N106 상판 변경,(기본),4000
N106 상판 변경,색상 변경 옵션추가,4000
N106 상판 변경,색상 변경 옵션추가 <N106상판 + 검정다릿발 + 아쿠아유리>,4000
커뮤니티C1-6인책상,(기본),272000
커뮤니티C1-6인책상,₩2100*D1000*H1380,272000
커뮤니티C2-4인책상,(기본),196000
커뮤니티C2-4인책상,₩1400*D1000*H1380,196000
C1 갓등 + 조명,(기본),197000
C1 갓등 + 조명,T5조명 + 스위치,197000
C2 갓등 + 조명,(기본),138000
C2 갓등 + 조명,T5조명 + 스위치,138000
심플A다리백색,(기본),195000
심플A다리백색,W800*D600*H1200,195000
<업체가 D.C>,(기본),172500
<업체가 D.C>,,172500
심플A다리블랙,(기본),190000
심플A다리블랙,W800*D600*H1200,190000
콘센트 옵션,(기본),8000
콘센트 옵션,2구기본형,8000
스마트D책상,(기본),72000
스마트D책상,W750*D600*H740,72000
T자 스탠딩 조명,(기본),63000
T자 스탠딩 조명,LED/007D小,63000
스탠딩테이블 A,(기본),66000
스탠딩테이블 A,W600*D400*H1000,66000
스탠딩테이블 B,(기본),72000
스탠딩테이블 B,W1000*D400*H1000,72000
프라이버시C+상부장,(기본),312000
프라이버시C+상부장,외경836*800*1600,312000
올데이BE,(기본),198000
올데이BE,도면사이즈참고,198000
기본책상,(기본),148000
기본책상,1600*900*720,148000
커뮤니티C갓등포함,(기본),435000
커뮤니티C갓등포함,1800*1200*1340740,435000
클래식C,(기본),81500
클래식C,800*600*740,81500
청고시함,(기본),189000
청고시함,786*443*1304,189000
스탠딩 테이블 H1000,(기본),108000
스탠딩 테이블 H1000,800*450*1000,108000
사물함 백색 + 다이얼키,(기본),52000
사물함 백색 + 다이얼키,1칸/400*400*400,52000
커뮤니티AZ기본형,(기본),218000
커뮤니티AZ기본형,1800*1200*740,218000
다릿발 백색 제작,(기본),6000
다릿발 백색 제작,검정 기본 백색으로 변경시,6000
프라이버시B 하단 이미지 색상,(기본),315000
프라이버시B 하단 이미지 색상,전체: 936/1036*800*1800,315000
맥스스페셜-블랙,(기본),43000
맥스스페셜-블랙,600*400*720,43000
맥스 의자,(기본),24500
맥스 의자,,24500
클래식 C 테이블,(기본),83000
클래식 C 테이블,700*500*720,83000
퍼맥스 콘센트,(기본),28000
퍼맥스 콘센트,,28000
보강대,(기본),10000
보강대,,10000
선생님의자,(기본),83000
선생님의자,,83000
올데이B1인석,(기본),298000
올데이B1인석,1218*700*1200,298000
올데이B_끝자리장,(기본),214000
올데이B_끝자리장,700*270*1200,214000
올데이BC벽면형,(기본),481000
올데이BC벽면형,1218*1400*1200,481000
칸막이책상,(기본),88000
칸막이책상,700*500*7401200,88000
싱플티,(기본),63000
싱플티,1000*600,63000
책상,(기본),63000
책상,700*600*740,63000
1인 독서실기본책상+상부장+다이얼키,(기본),138000
1인 독서실기본책상+상부장+다이얼키,기본형책상/1200*600*740,138000
1인 독서실 조명,(기본),59000
1인 독서실 조명,아이클 351F,59000
기본형 책상,(기본),20000
기본형 책상,W1200길이초과*600*740,20000
독서실남녀프라이버시C상부 플립장형+다이얼키,(기본),392000
독서실남녀프라이버시C상부 플립장형+다이얼키,전체/886*800*1800,392000
1인 독서실 기본책상+상부장+다이얼키,(기본),133000
1인 독서실 기본책상+상부장+다이얼키,기본형책상/1200*600*740,133000
독서실남녀 프라이버시C 상부 플립장형+다이얼키,(기본),392000
독서실남녀 프라이버시C 상부 플립장형+다이얼키,전체/886*800*1800,392000
커뮤니티D4 4인용,(기본),375000
커뮤니티D4 4인용,테이블/1600*1200*878,375000
커뮤니티D6 6인용,(기본),435000
커뮤니티D6 6인용,테이블/2400*1200*878,435000
칸막이 책상,(기본),135000
칸막이 책상,700*500*700,135000
선생님책상,(기본),294000
선생님책상,1200*600*1600,294000
콘센트커버,(기본),10000
콘센트커버,,10000
30각테이블,(기본),159000
30각테이블,2100*400*1050,159000
올데이지그재그형,(기본),236000
올데이지그재그형,1200*1350*1200,236000
올데이 벽면형,(기본),315000
올데이 벽면형,1200*1340*1200,315000
끝자리장,(기본),128000
끝자리장,600*300*1200,128000
스마트B_상부장,(기본),302000
스마트B_상부장,900*800*1874,302000
스마트B_독서등,(기본),33000
스마트B_독서등,아이클131F,33000
테이블,(기본),198500
테이블,1000*900700,248000
테이블,1000*800600,149000
스텐딩,(기본),228000
스텐딩,500*500*1000,228000
스텐딩,W500*D500*H1000,238000
원형홀타공,600,5000
원형홀타공,(기본),5000
다릿발색상 화이트변경,(기본),5000
다릿발색상 화이트변경,기본 블랙,5000
프라이버시16,(기본),371000
프라이버시16,외경 : 1033*1000*1600,371000
일반테이블,(기본),73000
일반테이블,1200X600X720 <40각 블랙다리+모번상판>,78000
일반테이블,1200X600X720,68000